{
    "english": {
        "translation_autor": "Duino-Coin developers",
        "cant_connect_to_server": "Cannot connect to the server. It is probably under maintenance or temporarily down.\nRetrying in 15 seconds.",
        "cant_recieve_pool_ip_and_port": " Cannot receive pool address and IP.\nExiting in 15 seconds.",
        "server_message": "Server message: ",
        "success": "Success!",
        "cancelled": "Cancelled...",
        "duco_commands": " DUCO commands:",
        "wrapper_commands": " Wrapper-related commands:",

        "base64_not_installed": "Base64 is not installed. Please manually install \"base64\"\nExiting in 15s.",
        "tronpy_not_installed": "Tronpy is not installed. Please install it using: python3 -m pip install tronpy.\nWrapper is disabled because tronpy is not installed.",
        "tronpy_not_installed_2": "Tronpy is not installed. Please install it using: python3 -m pip install tronpy.",
        "cryptography_not_installed": "Cryptography is not installed. Please install it using: python3 -m pip install cryptography.\nExiting in 15s.",
        "secrets_not_installed": "Secrets is not installed. Please install it using: python3 -m pip install secrets.\nExiting in 15s.",
        "websocket_not_installed": "Websocket-client is not installed. Please install it using: python3 -m pip install websocket-client.\nExiting in 15s.",
        "colorama_not_installed": "Colorama is not installed. Please install it using: python3 -m pip install colorama.\nExiting in 15s.",

        "first_run": "Duino-Coin CLI Wallet first-run\n",
        "select_option": "Select an option",
        "choice_input": "  1 - Login\n  2 - Register\n  3 - Exit\n",
        "choice_input_wrapper": "1 - Generate a new key\n2 - Import a key \n3 - Cancel\n",
        "value_not_numeric": "Error, value must be numeric",

        "enter_username": "Enter your username: ",
        "enter_email": "Enter your e-mail address: ",
        "enter_password": "Enter your password (not shown for privacy): ",
        "confirm_password": "Confirm your password (not shown for privacy): ",
        "enter_current_password": "Enter your current password: ",
        "enter_new_password": "Enter new password: ",

        "agree_requirments": "By registering a new account you agree to the terms of service and privacy policy available at ",

        "register_success": "Successfully registered new account",
        "register_failed": "Couldn't register new user, reason: ",

        "login_success": "Successful login",
        "login_failed": "Couldn't login, reason: ",

        "decrypt_private_key": "Passphrase for decrypting private key: ",
        "encrypt_private_key": "Input your passphrase for encrypting private key: ",
        "invalid_passphrase_wrapper": "Invalid passphrase, disabling wrapper for this session",
        "input_private_key": "Input your own private key: ",
        "incorrect_key": "Incorrect key was provided",
        "incorrect_value": "Incorrect value was provided",

        "cli_wallet_text": "\nDuino-Coin CLI Wallet",
        "you_have": "You have ",
        "which_is_about": "Which is about ",
        "duco_price": "DUCO price: ",

        "pending_unwraps": "Pending unwraps ",
        "tron_address": "Tron address for receiving: ",
        "trx_balance": "TRX balance (useful for fees): ",

        "how_encrypt_private_key": "How do you want to encrypt private key within the config file?",
        "encryption_choice": "1 - encrypt it using DUCO password\n2 - use your custom passphrase (more secure)",

        "amount_to_wrap": "Enter amount to wrap (minimum is 10): ",
        "no_amount_numeric": "NO, Amount should be numeric... aborting",
        "enter_tron_address_or_local": "Enter tron address or leave blank to choose local wallet: ",

        "error_min_10_duco": "Error, minimum amount is 10 DUCO",
        "error_unsufficient_balance": "Error, unsufficient balance",
        "error_wrong_passphrase": "Wrapper disabled, you entered a wrong passphrase",
        "error_configure_wrapperconf": "Wrapper disabled, configure it using `wrapperconf`",
        "error_not_enough_energy_or_trx": "Failed, you should have enough energy or trx",

        "enter_amount_unwrap": "Enter amount to unwrap: ",
        "initiating_unwrap": "Initiating unwrap...\nTXid :",
        "error_initiating_unwrap": "There was an error while initiating unwrap, aborting",
        "amount_over_pending_values": "Amount is over pending values, using pending values to save txn fees",
        "transaction_send_txid": "Transaction sent, txid :",
        "finished_unwrapping": "Finished unwrapping",

        "confirm_export_private_key": "Type YES for confirming export of private key : ",
        "private_key": "Private key: ",
        "cancelled_invalid_confirmation": "Cancelled, invalid confirmation",

        "help_list_command": "Type `help` to list available commands",
        "duco_console": "DUCO Console ᕲ ",

        "enter_recipients_name": "Enter recipients' username: ",
        "enter_amount_transfer": "Enter amount to transfer: ",
        "enter_tron_recipients_name": "Enter recipients' TRON address: ",
        "enter_tron_amount_transfer": "Enter amount to transfer: ",
        "amount_numeric": "Amount should be numeric... aborting",

        "tron_transaction_submitted": "Transaction submitted to TRON network\nTXID:",
        "tron_successful_transaction": "Successful transaction",
        "tron_error_transaction": "Error while confirming transaction",

        "see_you_soon": " See you soon!",
        "sigint_detected": "\nSIGINT detected - Exiting gracefully.",

        "about_1": "Duino-Coin CLI Wallet is made with <3 by the Duino-Coin community",
        "about_2": "This is version ",
        "about_3": "And is distributed under MIT license",
        "about_4": "Server version: ",
        "about_5": "Server is on version ",
        "about_6": ", but client is on version ",
        "about_7": ", you should consider downloading last release",
        "about_8": "Client is up-to-date",

        "donate_1": "Feel free of donating for helping to maintain DUCO and wDUCO (wrapping/unwrapping involves fees for maintainers)",
        "donate_2": "TRON and tokens: ",
        "donate_3": " (wrapper's address)",
        "donate_4": " (revox, DUCO lead developer)",
        "donate_5": " (wDUCO developer)"
    },
  "korean": {
      "translation_autor": "hj-k66",
      "cant_connect_to_server": "서버에 연결할 수 없습니다. 유지관리 중이거나 일시적으로 다운된 것 같습니다. \n15초  내 다시 시도합니다.",
      "cant_recieve_pool_ip_and_port": "pool 주소와 IP를 수신할 수 없습니다. \n15초 내 종료합니다.",
      "server_message": "서버 메세지: ",
      "success": "성공!",
      "cancelled": "취소됨...",
      "duco_commands": " DUCO commands:",
      "wrapper_commands": " Wrapper-관련 commands:",

      "base64_not_installed": "Base64가 설치되지 않았습니다. \"base64\"를 수동으로 설치하십시오. \n15초 후에 종료됩니다.",
      "tronpy_not_installed": "Tronpy가 설치되지 않았습니다. 다음 명령어를 사용하여 설치하십시오.: python3 -m pip install tronpy.\ntronpy가 설치되지 않았기 때문에 Wrapper가 비활성화되었습니다.",
      "tronpy_not_installed_2": "Tronpy가 설치되지 않았습니다. 다음 명령어를 사용하여 설치하십시오.: python3 -m pip install tronpy.",
      "cryptography_not_installed": "Cryptography가 설치되지 않았습니다.다음 명령어를 사용하여 설치하십시오: python3 -m pip install cryptography.\n15초 내 종료됩니다.",
      "secrets_not_installed": "Secrets가 설치되지 않았습니다. 다음 명령어를 사용하여 설치하십시오: python3 -m pip install secrets.\n15초 내 종료됩니다..",
      "websocket_not_installed": "Websocket-client가 설치되지 않았습니다. 다음 명령어를 사용하여 설치하십시오: python3 -m pip install websocket-client.\n15초 내 종료됩니다.",
      "colorama_not_installed": "Colorama가 설치되지 않았습니다. 다음 명령어를 사용하여 설치하십시오: python3 -m pip install colorama.\n15초 내 종료됩니다.",

      "first_run": "Duino-Coin CLI Wallet 최초 실행\n",
      "select_option": "옵션 선택",
      "choice_input": "  1 - 로그인\n  2 - 등록\n  3 - 종료\n",
      "choice_input_wrapper": "1 - 새로운 키 생성 \n2 - 키 가져오기(import) \n3 - 취소\n",
      "value_not_numeric": "오류, 값은 숫자여야 합니다.",

      "enter_username": "사용자 이름 입력하세요: ",
      "enter_email": "이메일 주소를 입력하세요: ",
      "enter_password": "비밀번호를 입력하세요(개인정보 보호를 위해 표시되지 않음): ",
      "confirm_password": "비밀번호 확인 (개인정보 보호를 위해 표시되지 않음): ",
      "enter_current_password": "현재 비밀번호를 입력하세요: ",
      "enter_new_password": "새 비밀번호를 입력하세요: ",

      "agree_requirments": "새로운 계정을 등록하면 서비스 및 개인 정보 보호 정책 약관에 동의하는 것 입니다. >>   ",

      "register_success": "새로운 계정이 성공적으로 등록되었습니다.",
      "register_failed": "새로운 user를 등록할 수 없습니다. 사유 : ",

      "login_success": "로그인 성공",
      "login_failed": "로그인 실패, 사유: ",

      "decrypt_private_key": "개인 키를 해독하기 위한 암호(passphrase) : ",
      "encrypt_private_key": "개인 키 암호화를 위한 암호(passphrase)를 입력하십시오 : ",
      "invalid_passphrase_wrapper": "유효하지 않은 암호(passphrase), 이 세션에 대한 wrapper 비활성화",
      "input_private_key": "자신의 개인 키를 입력하시오: ",
      "incorrect_key": "잘못된 키가 제공되었습니다.",
      "incorrect_value": "잘못된 값이 제공되었습니다.",

      "cli_wallet_text": "\nDuino-Coin CLI Wallet",
      "you_have": "보유량 :  ",
      "which_is_about": " DUCO ",
      "duco_price": "가격: ",

      "pending_unwraps": "unwrap 대기 중 ",
      "tron_address": "수신할 Tron 주소: ",
      "trx_balance": "TRX 잔액 (수수료에 유용): ",

      "how_encrypt_private_key": "구성파일 내에서 개인 키를 암호화하시겠습니까?",
       "encryption_choice": "1 - DUCO 암호를 이용하여 암호화 \n2 - 사용자 지정 암호 사용 (더 안전함)",

      "amount_to_wrap": "wrap할 액수를 입력하세요(최소 10개): ",
      "no_amount_numeric": "잘못된 입력입니다. 액수는 숫자여야 합니다.. 중단중",
      "enter_tron_address_or_local": "tron 주소를 입력하거나 로컬 wallet을 선택하려면 공백으로 두십시오. : ",

      "error_min_10_duco": "오류, 최소 금액은 10 DUCO입니다.",
      "error_unsufficient_balance": "오류, 잔액 부족",
      "error_wrong_passphrase": "Wrapper 비활성화, 잘못된 암호를 입력했습니다.",
      "error_configure_wrapperconf": "Wrapper 비활성화, `wrapperconf`를 사용하여 설정",
      "error_not_enough_energy_or_trx": "실패, 충분한 energy나 trx가 있어야 합니다.",

      "enter_amount_unwrap": "unwrap할 액수를 입력하십시오 : ",
      "initiating_unwrap": "unwrap 시작중...\nTXid :",
      "error_initiating_unwrap": "unwrap을 시작하는 중에 오류가 발생했습니다. 중단 중",
      "amount_over_pending_values": "액수가 pending 값을 넘어섰습니다. pending 값을 이용하여 txn 수수료를 절약해보세요.",
      "transaction_send_txid": "트랜잭션 전송, txid :",
      "finished_unwrapping": "unwrap 완료",

      "confirm_export_private_key": "개인 키 내보내기를 확인하려면 YES를 입력하세요 : ",
      "private_key": "개인키: ",
      "cancelled_invalid_confirmation": "취소됨, 유효하지 않은 확인",

      "help_list_command": "사용가능한 command를 나열하려면 'help'를 입력하세요",
      "duco_console": "DUCO Console ᕲ ",

      "enter_recipients_name": "받는 사람의 사용자 이름을 입력하세요: ",
      "enter_amount_transfer": "이체할 금액을 입력하세요: ",
      "enter_tron_recipients_name": "받는사람의 TRON 주소를 입력하세요: ",
      "enter_tron_amount_transfer": "이체할 금액을 입력하세요: ",
      "amount_numeric": "금액은 숫자여야 합니다... 중단중",

      "tron_transaction_submitted": "TRON 네트워크에 submit된 트랜잭션\nTXID:",
      "tron_successful_transaction": "성공적인 transaction",
      "tron_error_transaction": "transaction 확인 중 오류 발생",

      "see_you_soon": " 곧 만나요!",
      "sigint_detected": "\nSIGINT가 감지됨 - 정상적으로 종료됩니다.",

      "about_1": "Duino-Coin CLI Wallet은 Duino-Coin community에서 <3로 만들었습니다.",
      "about_2": "버전  ",
      "about_3": "그리고 MIT license에 따라 배포됩니다",
      "about_4": "서버 버전: ",
      "about_5": "현재 서버 버전 ",
      "about_6": ", 클라이언트 버전  ",
      "about_7": ", 마지막 릴리스 다운로드를 고려해야 합니다.",
      "about_8": "클라이언트가 최신 상태입니다.",

      "donate_1": "DUCO and wDUCO 유지에 도움이 되는 기부금을 부담없이 내십시오.(wrapping/unwrapping에는 유지 보수 비용이 포함됩니다.)",
      "donate_2": "TRON 및 tokens: ",
      "donate_3": " (wrapper의 주소)",
      "donate_4": " (revox, DUCO 리드 개발자)",
      "donate_5": " (wDUCO 개발자)"
    },
    "slovak": {
        "translation_autor": "backo",
        "cant_connect_to_server": "Nedá sa pripojiť k serveru. Pravdepodobne prebieha údržba alebo je dočasne mimo prevádzky.\nOpakovaný pokus o 15 sekúnd.",
        "cant_recieve_pool_ip_and_port": " Nie je možné prijať pool adresu a IP.\nUkončuje sa o 15 sekúnd.",
        "server_message": "Správa servera: ",
        "success": "Úspech!",
        "cancelled": "Zrušené...",
        "duco_commands": " DUCO príkazy:",
        "wrapper_commands": " Príkazy súvisiace s Wrapperom",

        "base64_not_installed": "Base64 nie je nainštalovaný. Ručne nainštalujte \"base64\"\nUkončuje sa o 15 s.",
        "tronpy_not_installed": "Tronpy nie je nainštalovaný. Nainštalujte ho pomocou: python3 -m pip install tronpy.\nWrapper je vypnutý, pretože tronpy nie je nainštalovaný.",
        "tronpy_not_installed_2": "Tronpy nie je nainštalovaný. Nainštalujte ho pomocou: python3 -m pip install tronpy.",
        "cryptography_not_installed": "Cryptography nie je nainštalovaný. Nainštalujte ho pomocou: python3 -m pip install cryptography.\nUkončuje sa o 15 s.",
        "secrets_not_installed": "Secrets nie je nainštalovaný. Nainštalujte ho pomocou: python3 -m pip install secrets.\nUkončuje sa o 15 s.",
        "websocket_not_installed": "Websocket-client nie je nainštalovaný. Nainštalujte ho pomocou: python3 -m pip install websocket-client.\nUkončuje sa o 15 s.",
        "colorama_not_installed": "Colorama nie je nainštalovaná. Nainštalujte ho pomocou: python3 -m pip install colorama.\nUkončuje sa o 15 s.",

        "first_run": "Prvé spustenie peňaženky Duino-Coin CLI\n",
        "select_option": "Select an option",
        "choice_input": "  1 - Prihlásiť sa\n  2 - Registrovať sa\n  3 - Ukončiť program\n",
        "choice_input_wrapper": "1 - Vygenerovať nový kľúč\n2 - Importovať kľúč \n3 - Zrušiť\n",
        "value_not_numeric": "Error, hodnota musí byť číselná",

        "enter_username": "Zadajte vaše používateľské meno: ",
        "enter_email": "Zadajte svoju emailovú adresu: ",
        "enter_password": "Zadajte svoje heslo (nezobrazuje sa kvôli súkromiu): ",
        "confirm_password": "Potvrďte svoje heslo (nezobrazuje sa kvôli súkromiu): ",
        "enter_current_password": "Zadajte vaše súčasné heslo: ",
        "enter_new_password": "Zadajte nové heslo: ",

        "agree_requirments": "Registráciou nového účtu súhlasíte so zmluvnými podmienkami a zásadami ochrany osobných údajov, ktoré sú dostupné na ",

        "register_success": "Úspešne zaregistrovaný nový účet",
        "register_failed": "Nepodarilo sa zaregistrovať nového používateľa, dôvod: ",

        "login_success": "Úspešné prihlásenie",
        "login_failed": "Nepodarilo sa prihlásiť, dôvod: ",

        "decrypt_private_key": "Passfráza na dešifrovanie súkromného kľúča: ",
        "encrypt_private_key": "Zadajte svoju passfrázu na šifrovanie súkromného kľúča: ",
        "invalid_passphrase_wrapper": "Neplatná passfráza, vypína sa wrapper pre túto reláciu",
        "input_private_key": "Zadajte svoj vlastný súkromný kľúč: ",
        "incorrect_key": "Nesprávny kľúč bol poskytnutý",
        "incorrect_value": "Bola zadaná nesprávna hodnota",

        "cli_wallet_text": "\nDuino-Coin CLI peňaženka",
        "you_have": "Máš",
        "which_is_about": "Čo je ",
        "duco_price": "DUCO cena: ",

        "pending_unwraps": "Čaká na unwrappovanie: ",
        "tron_address": "Tron adresa pre príjem: ",
        "trx_balance": "TRX zostatok (užitočné pre poplatky): ",

        "how_encrypt_private_key": "Ako chcete zašifrovať súkromný kľúč v konfiguračnom súbore?",
        "encryption_choice": "1 – zašifrujte ho pomocou hesla DUCO\n2 – použite vlastnú passfrázu (bezpečnejšie)",

        "amount_to_wrap": "Zadajte množstvo na wrapnutie (minimum je 10) ",
        "no_amount_numeric": "NIE, Suma by mala byť číselná... ukončuje sa",
        "enter_tron_address_or_local": "Zadajte tron adresu alebo ponechajte prázdne na vybratie lokálnej peňaženky ",

        "error_min_10_duco": "Error, minimálna suma je 10 DUCO",
        "error_unsufficient_balance": "Error, nedostatočný zostatok",
        "error_wrong_passphrase": "Wrapper je vypnutý, zadali ste nesprávnu passfrázu",
        "error_configure_wrapperconf": "Wrapper je vypnutý, nakonfigurujte ho pomocou `wrapperconf`",
        "error_not_enough_energy_or_trx": "Nepodarilo sa, mali by ste mať dostatok energie alebo trx",

        "enter_amount_unwrap": "zadajte množstvo na rozbalenie ",
        "initiating_unwrap": "Spúšťa sa rozbalenie...\nTXid :",
        "error_initiating_unwrap": "Pri spúšťaní rozbaľovania sa vyskytla chyba, ukončuje sa",
        "amount_over_pending_values": "čiastka presahuje pending hodnoty, použítie pending hodnôt na ušetrenie txn poplatkov",
        "transaction_send_txid": "Transakcia odoslaná, txid :",
        "finished_unwrapping": "Rozbalenie dokončené",

        "confirm_export_private_key": "Na potvrdenie exportu súkromného kľúča zadajte YES: ",
        "private_key": "Súkromný kľúč: ",
        "cancelled_invalid_confirmation": "Zrušené, neplatné potvrdenie",

        "help_list_command": "Ak chcete zobraziť zoznam dostupných príkazov, zadajte `help`",
        "duco_console": "DUCO konzola ᕲ ",

        "enter_recipients_name": "Zadajte používateľské meno príjemcu: ",
        "enter_amount_transfer": "Zadajte sumu na prevod ",
        "enter_tron_recipients_name": "Zadajte adresu TRON príjemcu: ",
        "enter_tron_amount_transfer": "Zadajte sumu na prevod ",
        "amount_numeric": "Suma by mala byť číselná... ukončuje sa",

        "tron_transaction_submitted": "Transakcia odoslaná do siete TRON\nTXID:",
        "tron_successful_transaction": "Úspešná transakcia",
        "tron_error_transaction": "Chyba pri potvrdzovaní transakcie",

        "see_you_soon": " Ahoj!",
        "sigint_detected": "\nSIGINT detekovaný, ukončuje sa",

        "about_1": "Peňaženka Duino-Coin CLI je vyrobená s <3  od komunity Duino-Coin",
        "about_2": "Toto je verzia ",
        "about_3": "A je distribuovaný pod licenciou MIT",
        "about_4": "Verzia servera: ",
        "about_5": "Server je vo verzii ",
        "about_6": ", ale klient je vo verzii ",
        "about_7": ", mali by ste zvážiť stiahnutie posledného vydania",
        "about_8": "Klient je aktuálny",

        "donate_1": "Nebojte sa prispieť za pomoc pri udržiavaní DUCO a wDUCO (zabalenie/rozbalenie zahŕňa poplatky pre správcov)",
        "donate_2": "TRON and tokeny: ",
        "donate_3": " (wrapper addresa)",
        "donate_4": " (revox, DUCO hlavný developer)",
        "donate_5": " (wDUCO developer)"
    },

    "dutch": {
        "translation_autor": "Bram (or sys-256 or Hoiboy19)",
        "cant_connect_to_server": "Kan geen verbinding maken met de server. Hij is waarschijnlijk in onderhoud of tijdelijk down.\nWe proberen het opnieuw over 15 seconden.",
        "cant_recieve_pool_ip_and_port": " Kan het IP address en port van de pool niet ontvangen.\nWe sluiten de wallet in 15 seconden af.",
        "server_message": "Server bericht: ",
        "success": "Succes!",
        "cancelled": "Gestopt...",
        "duco_commands": " DUCO opdrachten:",
        "wrapper_commands": " Wrapper-gerelateerde opdrachten:",

        "base64_not_installed": "Base64 is niet geinstalleerd. Installeer \"base64\" zelf aub\nWe sluiten de wallet in 15 seconden af.",
        "tronpy_not_installed": "Tronpy is niet geinstalleerd. Installeer het met: python3 -m pip install tronpy.\nDe wrapper is uitgeschakeld omdat tronpy niet is geinstalleerd.",
        "tronpy_not_installed_2": "Tronpy is niet getinstalleerd. Installeer het met: python3 -m pip install tronpy.",
        "cryptography_not_installed": "Cryptography is niet getinstalleerd. Installeer het met: python3 -m pip install cryptography.\nWe sluiten de wallet in 15 seconden af.",
        "secrets_not_installed": "Secrets is niet geinstalleeerd. Installeer het met: python3 -m pip install secrets.\nWe sluiten de wallet in 15 seconden af.",
        "websocket_not_installed": "Websocket-client is niet geinstalleerd. Installeer het met: python3 -m pip install websocket-client.\nWe sluiten de wallet in 15 seconden af.",
        "requests_not_installed": "Requests is niet geinstalleerd. Installeer het met: python3 -m pip install requests.\nWe sluiten de wallet in 15 seconden af.",
        "colorama_not_installed": "Colorama is niet geinstalleerd. Installeer het met: python3 -m pip install colorama.\nWe sluiten de wallet in 15 seconden af.",

        "first_run": "Duino-Coin CLI Wallet eerste-keer\n",
        "select_option": "Selecteer een optie",
        "choice_input": "  1 - Inloggen\n  2 - Registreren\n  3 - Afsluiten\n",
        "choice_input_wrapper": "1 - Genereer een nieuwe key\n2 - Importeer een key \n3 - Afzeggen\n",
        "value_not_numeric": "Error, keuze moet een getal zijn",

        "enter_username": "Vul je gebruikersnaam in: ",
        "enter_email": "Vul je e-mail adres in: ",
        "enter_password": "Vul je wachtwoord in (die laten we niet zien voor privacy): ",
        "confirm_password": "Confirm your password (die laten we niet zien voor privacy): ",
        "enter_current_password": "Vul je huidige wachtwoord in: ",
        "enter_new_password": "Vul je nieuwe wachtwoord in: ",

        "agree_requirments": "Als je een nieuw account registreerd ga je akkoord met de terms of service en privacy policy beschikbaar op ",

        "register_success": "Succesvol een nieuw account geregisteerd",
        "register_failed": "Kon geen nieuwe gebruiken registeren, reden: ",

        "login_success": "Succesvol ingelogd",
        "login_failed": "Kon niet inloggen, reden: ",

        "decrypt_private_key": "Wachtwoord zin om de private key te decrypten: ",
        "encrypt_private_key": "Wachtwoord zin om de private key te encrypten: ",
        "invalid_passphrase_wrapper": "Ongeldige wachtwoordzin, we zetten de wrapper uit voor deze sessie",
        "input_private_key": "Vul je eigen private key in: ",
        "incorrect_key": "Onjuiste key is ingevuld",
        "incorrect_value": "Onjuiste waarde is ingevuld",

        "cli_wallet_text": "\nDuino-Coin CLI Wallet",
        "you_have": "U heeft ",
        "which_is_about": "Dat is ongeveer ",
        "duco_price": "DUCO prijs: ",

        "pending_unwraps": "Openstaande unwraps ",
        "tron_address": "Tron address voor ontvangen: ",
        "trx_balance": "TRX balans (handig voor fees): ",

        "how_encrypt_private_key": "Hoe will je je private key encrypten in het config bestand?",
        "encryption_choice": "1 - encrypt het met je DUCO wachtwoord\n2 - gebruik een andere wachtzin (veiliger)",

        "amount_to_wrap": "Vul een waarde in om te wrappen (minimaal 10): ",
        "no_amount_numeric": "NEE, Waarde moet een nummer zijn... Aan het afbreken...",
        "enter_tron_address_or_local": "Vul een tron adres in of laat het leeg door de locale wallet te kiezen: ",

        "error_min_10_duco": "Error, de minimale waarde is 10 DUCO",
        "error_unsufficient_balance": "Error, je hebt niet genoeg DUCO",
        "error_wrong_passphrase": "De wrapper is uitgeschakeld, je hebt de verkeerde wachtzin opgegeven",
        "error_configure_wrapperconf": "De wrapper is uitgeschakeld, configureer het met `wrapperconf`",
        "error_not_enough_energy_or_trx": "Gefaald, je moet genoeg energy or trx hebben",

        "enter_amount_unwrap": "Vul een aantal in om te unwrappen: ",
        "initiating_unwrap": "Starten met unwrappen...\nTXid :",
        "error_initiating_unwrap": "Er was een error tijdens het starten van de unwrap, Aan het afbreken...",
        "amount_over_pending_values": "Het bedrag is hoger dan openstaande waardes, we gebruiken de openstaande waardes om txn fees te bewaren",
        "transaction_send_txid": "Transactie verstuurd, txid :",
        "finished_unwrapping": "Klaar met unwrappen",

        "confirm_export_private_key": "Type YES om de export van de private key te bevestigen: ",
        "private_key": "Private key: ",
        "cancelled_invalid_confirmation": "Gestopt, ongeldige bevestiging",

        "help_list_command": "Type `help` om beschikbare opdrachten te zien",
        "duco_console": "DUCO Console ᕲ ",

        "enter_recipients_name": "Vul de ontvangers naam in: ",
        "enter_amount_transfer": "Vul de waarde in om te versturen: ",
        "enter_tron_recipients_name": "Vul de ontvangers TRON adres in: ",
        "amount_numeric": "Waarde moet een nummber zijn... Aan het afbreken...",

        "tron_transaction_submitted": "Transactie verstuurd naar het TRON netwerk\nTXID:",
        "tron_successful_transaction": "Succesvolle transactie",
        "tron_error_transaction": "Error tijdens het bevestingen van de transactie",

        "see_you_soon": " Tot ziens!",
        "sigint_detected": "\nSIGINT gedetecteerd - We sluiten de wallet af.",

        "about_1": "Duino-Coin CLI Wallet is gemaakt met <3 door de Duino-Coin community",
        "about_2": "Dit is versie ",
        "about_3": "En is gedistribueerd onder de MIT licensie",
        "about_4": "Server versie: ",
        "about_5": "De server is op versie ",
        "about_6": ", maar de wallet bent op versie ",
        "about_7": ", u zou moeten overwegen om de laatste versie te downloaden",
        "about_8": "De wallet is up-to-date",

        "donate_1": "Voel je vrij om te doneren voor het helpen in stand houden van DUCO en wDUCO (wrapping/unwrapping brengt kosten met zich mee voor beheerders)",
        "donate_2": "TRON and tokens: ",
        "donate_3": " (wrapper's adres)",
        "donate_4": " (revox, DUCO leidende ontwikkelaar)",
        "donate_5": " (wDUCO ontwikkelaar)"
    },
    "thai": {
        "translation_autor": "naphob",
        "cant_connect_to_server": "ไม่สามารถเชื่อมต่อเซิร์ฟเวอร์ได้ อาจจะเพราะอยู่ในระหว่างปรับปรุงหรือล่มขั่วคราว\nกำลังลองใหม่ใน 15 วินาที",
        "cant_recieve_pool_ip_and_port": " ไม่ได้รับที่อยู่และไอพีของพูล\nกำลังออกใน 15 วินาที",
        "server_message": "ข้อความเซิร์ฟเวอร์: ",
        "success": "สำเร็จ!",
        "cancelled": "ยกเลิกแล้ว...",
        "duco_commands": " คำสั่ง DUCO:",
        "wrapper_commands": " คำสั่งเกี่ยวกับแรปเปอร์:",

        "base64_not_installed": "Base64 ไม่ถูกติดตั้ง กรุณาติดตั้งเอง \"base64\"\nกำลังออกใน 15วิ",
        "tronpy_not_installed": "Tronpy ไม่ถูกติดตั้ง กรุณาติดตั้งโดยใช้: python3 -m pip install tronpy.\nแรปเปอร์ถูกปิดเพราะ tronpy ไม่ถูกติดตั้ง",
        "tronpy_not_installed_2": "Tronpy ไม่ถูกติดตั้ง กรุณาติดตั้งโดยใช้: python3 -m pip install tronpy",
        "cryptography_not_installed": "Cryptography ไม่ถูกติดตั้ง กรุณาติดตั้งโดยใช้: python3 -m pip install cryptography\nกำลังออกใน 15วิ",
        "secrets_not_installed": "Secrets ไม่ถูกติดตั้ง กรุณาติดตั้งโดยใช้: python3 -m pip install secrets\nกำลังออกใน 15วิ",
        "websocket_not_installed": "Websocket-client ไม่ถูกติดตั้ง กรุณาติดตั้งโดยใช้: python3 -m pip install websocket-client\nกำลังออกใน 15วิ",
        "colorama_not_installed": "Colorama ไม่ถูกติดตั้ง กรุณาติดตั้งโดยใช้: python3 -m pip install colorama\nกำลังออกใน 15วิ",

        "first_run": "กระเป๋า Duino-Coin CLI ทำงานครั้งแรก\n",
        "select_option": "เลือกตัวเลือก",
        "choice_input": "  1 - เข้าระบบ\n  2 - ลงทะเบียน\n  3 - ออก\n",
        "choice_input_wrapper": "1 - สร้างกุญแจใหม่\n2 - นำเข้ากุญแจ \n3 - ยกเลิก\n",
        "value_not_numeric": "ผิดพลาด, ค่าต้องเป็นตัวเลข",

        "enter_username": "ใส่ชื่อผู้ใช้งานของคุณ: ",
        "enter_email": "ใส่ที่อยู่อีเมลของคุณ: ",
        "enter_password": "ใส่รหัสผ่านของคุณ (ไม่แสดงเพื่อความเป็นส่วนตัว): ",
        "confirm_password": "ยืนยันรหัสผ่านของคุณ (ไม่แสดงเพื่อความเป็นส่วนตัว): ",
        "enter_current_password": "ใส่รหัสผ่านปัจจุบันของคุณ: ",
        "enter_new_password": "ใส่รหัสผ่านใหม่: ",

        "agree_requirments": "เพื่อลงทะเบียนบัญชีใหม่ คุณยินยอมกับเงื่อนไขการให้บริการและนโยบายความเป็นส่วนตัวที่ ",

        "register_success": "ลงทะเบียนใหม่สำเร็จ",
        "register_failed": "ไม่สามารถลงทะเบียนผู้ใช้ใหม่, เหตุผล: ",

        "login_success": "เข้าระบบสำเร็จ",
        "login_failed": "เข้าระบบไม่ได้, เหตุผล: ",

        "decrypt_private_key": "ข้อความรหัสผ่านเพื่อถอดรหัสกุญแจส่วนตัว: ",
        "encrypt_private_key": "ใส่ข้อความรหัสผ่านสำหรับเข้ารหัสกุญแจส่วนตัว: ",
        "invalid_passphrase_wrapper": "ข้อความรหัสผ่านไม่ถูกต้อง ยกเลิกแรปเปอร์สำหรับเซสชั่นนี้",
        "input_private_key": "ใส่กุญแจส่วนตัวของคุณ: ",
        "incorrect_key": "ได้รับกุญแจไม่ถูกต้อง",
        "incorrect_value": "ได้รับค่าไม่ถูกต้อง",

        "cli_wallet_text": "\nกระเป๋า Duino-Coin CLI",
        "you_have": "คุณมี ",
        "which_is_about": "ประมาณ ",
        "duco_price": "ราคา DUCO: ",

        "pending_unwraps": "Pending unwraps ",
        "tron_address": "ที่อยู่ Tron สำหรับรับ: ",
        "trx_balance": "TRX ยอดคงเหลือ (ใช้สำหรับค่าธรรมเนียม): ",

        "how_encrypt_private_key": "คุณต้องการเข้ารหัสกุญแจส่วนตัวอย่างไรภายในไฟล์ตั้งค่า?",
        "encryption_choice": "1 - เข้ารหัสโดยใช้รหัสผ่าน DUCO \n2 - ใช้ข้อความรหัสผ่านที่คุณตั้งเอง (ปลอดภัยกว่า)",

        "amount_to_wrap": "ใส่จำนวนที่ต้องการแรป (อย่างน้่อย 10): ",
        "no_amount_numeric": "ไม่, จำนวนต้องเป็นหมายเลข... กำลังออก",
        "enter_tron_address_or_local": "ใส่ที่อยู่ tron หรือปล่อยว่างไว้เพื่อเลือกกระเป๋าโลคอล: ",

        "error_min_10_duco": "ผิดพลาด, จำนวนขั้นต่ำคือ 10 DUCO",
        "error_unsufficient_balance": "ผิดพลาด, ยอดคงเหลือไม่เพียงพอ",
        "error_wrong_passphrase": "แรปเปอร์ไม่ทำงาน, คุณใส่ข้อความรหัสผ่านผิด",
        "error_configure_wrapperconf": "แรปเปอร์ไม่ทำงาน, ตั้งค่าโดยใช้ `wrapperconf`",
        "error_not_enough_energy_or_trx": "ล้มเหลว, คุณต้องมีพลังงานหรือ trx ให้เพียงพอ",

        "enter_amount_unwrap": "ใส่จำนวนที่จะอันแรป: ",
        "initiating_unwrap": "เริ่มต้นอันแรป...\nTXid :",
        "error_initiating_unwrap": "มีความผิดพลาดขณะเริ่มต้นอันแรป, กำลังยกเลิก",
        "amount_over_pending_values": "จำนวนมากกว่าค่าที่ค้างอยู่ ใช้ค่าที่ค้างอยู่เพื่อเป็นค่าธรรมเนียม txn",
        "transaction_send_txid": "ธุรกรรมถูกส่งแล้ว, txid :",
        "finished_unwrapping": "อันแรปสำเร็จ",

        "confirm_export_private_key": "พิมพ์ YES เพื่อยืนยัีนการส่งออกกุญแจส่วนตัว : ",
        "private_key": "กุญแจส่วนตัว: ",
        "cancelled_invalid_confirmation": "ยกเลิกแล้ว, คำยืนยันไม่ถูกต้อง",

        "help_list_command": "พิมพ์ `help` เพื่อดูรายการคำสั่งที่มีอยู่",
        "duco_console": "DUCO คอนโซล ᕲ ",

        "enter_recipients_name": "ใส่ชื่อผู้ใช้งานผู้รับ: ",
        "enter_amount_transfer": "ใส่จำนวนที่จะส่ง: ",
        "enter_tron_recipients_name": "ใส่ที่อยู่ TRON ของผู้รับ: ",
        "enter_tron_amount_transfer": "ใส่จำนวนที่จะส่ง: ",
        "amount_numeric": "จำนวนต้องเป็นหมายเลข... กำลังยกเลิก",

        "tron_transaction_submitted": "ธุรกรรมถูกส่งไปยังเครือข่าย TRON\nTXID:",
        "tron_successful_transaction": "ธุรกรรมสำเร็จ",
        "tron_error_transaction": "ผิดพลาดระหว่างการยืนยันธุรกรรม",

        "see_you_soon": " แล้วเจอกัน!",
        "sigint_detected": "\nพบ SIGINT - กำลังออกอย่างปลอดภัย",

        "about_1": "กระเป๋า Duino-Coin CLI ถูกสร้าง <3 โดยชุมชม Duino-Coin",
        "about_2": "นี่คือเวอร์ชั่น ",
        "about_3": "และถูกเผยแพร่ภายใต้สัญญาอนุญาต MIT",
        "about_4": "เวอร์ชั่นเซิร์ฟเวอร์: ",
        "about_5": "เวอร์ขั่นอยู่บนเวอร์ชั่น ",
        "about_6": ", แต่ไคลเอนท์อยู่บนเวอร์ชั่น ",
        "about_7": ", คุณควรดาวน์โหลดเวอร์ชั่นล่าสุด",
        "about_8": "ไคลเอนท์เป็นเวอร์ชั่นล่าสุดแล้ว",

        "donate_1": "เชิญบริจาคเพื่อกันดูแล DUCO และ wDUCO กันตามสบาย (การแรป/การอันแรป ความถึงค่าธรรมเนียมในการดูแลรักษา)",
        "donate_2": "TRON และ tokens: ",
        "donate_3": " (ที่อยู่ของแรปเปอร์)",
        "donate_4": " (revox, หัวหน้านักพัฒนา DUCO)",
        "donate_5": " (นักพัฒนา wDUCO)"
    },
    "turkish": {
        "translation_autor": "mkursadulusoy",
        "cant_connect_to_server": "Sunucuya bağlanılamıyor. Sistem bakımda veya kısa süreliğine erişilemiyor olabilir..\n15 Saniye içinde yeniden denenecek.",
        "cant_recieve_pool_ip_and_port": " Pool adres ve IP alınamıyor.\n15 Saniye içinde çıkılacak.",
        "server_message": "Sunucu mesajı: ",
        "success": "Başarılı!",
        "cancelled": "İptal edildi...",
        "duco_commands": " DUCO emirleri:",
        "wrapper_commands": " Wrapper-related emriler:",

        "base64_not_installed": "Base64 kurulu değil. Lütfen manuel olarak \"base64\" yükleyiniz.\n15 Saniye içinde çıkılacak.",
        "tronpy_not_installed": "Tronpy kurulu değil. Lütfen şu kodu kullanarak yükleyin: python3 -m pip install tronpy.\ntronpy yüklü olmadığı için Wrapper devre dışı.",
        "tronpy_not_installed_2": "Tronpy kurulu değil. Lütfen şu kodu kullanarak yükleyin: python3 -m pip install tronpy.",
        "cryptography_not_installed": "Cryptography kurulu değil. Lütfen şu kodu kullanarak yükleyin: python3 -m pip install cryptography.\n15 Saniye içinde çıkılacak.",
        "secrets_not_installed": "Secrets kurulu değil. Lütfen şu kodu kullanarak yükleyin: python3 -m pip install secrets.\n15 Saniye içinde çıkılacak.",
        "websocket_not_installed": "Websocket-client kurulu değil. Lütfen şu kodu kullanarak yükleyin: python3 -m pip install websocket-client.\n15 Saniye içinde çıkılacak.",
        "colorama_not_installed": "Colorama kurulu değil. Lütfen şu kodu kullanarak yükleyin: python3 -m pip install colorama.\n15 Saniye içinde çıkılacak.",

        "first_run": "Duino-Coin CLI Cüzdan ilk çalıştırma\n",
        "select_option": "Lütfen seçin",
        "choice_input": "  1 - Giriş Yap\n  2 - Kayıt Ol\n  3 - Çıkış\n",
        "choice_input_wrapper": "1 - Yeni bir anahtar üret\n2 - Anahtar yükle \n3 - İptal\n",
        "value_not_numeric": "Hata! Değer nümerik olmalıdır.",

        "enter_username": "Kullanıcı adınızı girin: ",
        "enter_email": "E-Posta adresinizi girin: ",
        "enter_password": "Şifrenizi girin (güvenliğiniz için gizlenecek): ",
        "confirm_password": "Şifrenizi tekrar girin (güvenliğiniz için gizlenecek): ",
        "enter_current_password": "Mevcut şifresinizi girin: ",
        "enter_new_password": "Yeni şifreyi girin: ",

        "agree_requirments": "Kaydolarak Kullanım koşullarını ve gizlilik ilkelerini kabul etmiş olacaksınız. Bu bilgilere şuradan ulaşabilirsiniz: ",

        "register_success": "Yeni hesap başarıyla kaydedildi.",
        "register_failed": "Yeni hesap kaydedilemedi, Sebep: ",

        "login_success": "Giriş Başarılı",
        "login_failed": "Giriş yapılamadı, Sebep: ",

        "decrypt_private_key": "Kişisel anahtarın şifresini çözmek için parola: ",
        "encrypt_private_key": "Kişisel anahtarı şifrelemek için parolanızı girin: ",
        "invalid_passphrase_wrapper": "Yanlış parola, Wrapper bu oturum için devre dışı bırakıldı",
        "input_private_key": "Kişisel anahtarınızı girin: ",
        "incorrect_key": "Yanlış bir giriş sağlandı",
        "incorrect_value": "Yanlış bir değer girildi",

        "cli_wallet_text": "\nDuino-Coin CLI Cüzdan",
        "you_have": "Bakiye: ",
        "which_is_about": "Yaklaşık ",
        "duco_price": "DUCO fiyatı: ",

        "pending_unwraps": "bekleyen unwrap işlemleri ",
        "tron_address": "Alıcı Tron adresi: ",
        "trx_balance": "TRX bakiyesi (ücretler için kullanışlı): ",

        "how_encrypt_private_key": "Kişisel anahtarınızı nasıl şifrelemek istersiniz?",
        "encryption_choice": "1 - DUCO parolası ile şifreleme\n2 - kendinize ait bir parola kullanma (daha güvenli)",

        "amount_to_wrap": "Wrap edilecek miktarı girin (en az 10): ",
        "no_amount_numeric": "HAYIR, Miktar nümerik olmalıdır... İptal ediliyor.",
        "enter_tron_address_or_local": "Tron adresini girin veya yerel bir cüzdan seçmek için boş bırakın: ",

        "error_min_10_duco": "Hata, en az miktar 10 DUCO olabilir",
        "error_unsufficient_balance": "hata, yetersiz bakiye",
        "error_wrong_passphrase": "Wrapper devre dışı, yanlış parola girdiniz.",
        "error_configure_wrapperconf": "Wrapper devre dışı, `wrapperconf` kodunu kullanarak ayarlayın",
        "error_not_enough_energy_or_trx": "Hata, yeterli energy veya trx iniz bulunmalı",

        "enter_amount_unwrap": "Unwrap edilecek miktarı girin: ",
        "initiating_unwrap": "Unwrap gerçekleştiriliyor...\nTXid :",
        "error_initiating_unwrap": "Unwrap işlemi yapılırken bir hata ile karşılaşıldı. İptal ediliyor.",
        "amount_over_pending_values": "Girilen miktar bekleyen değerden daha fazla, txn ücretleri ödememek için bekleyen değer kullanılacak",
        "transaction_send_txid": "İşlem gönderildi, txid :",
        "finished_unwrapping": "Unwrap işlemi tamamlandı",

        "confirm_export_private_key": "Kişisel anahtarın çıktısını almak için YES yazın: ",
        "private_key": "Kişisel anahtar: ",
        "cancelled_invalid_confirmation": "İptal edildi, yanlış doğrulama",

        "help_list_command": "`help` yazarak mevcut komutları görebilirsiniz.",
        "duco_console": "DUCO Konsol ᕲ ",

        "enter_recipients_name": "Alıcının kullanıcı adını girin: ",
        "enter_amount_transfer": "Transfer edilecek miktarı girin: ",
        "enter_tron_recipients_name": "Alıcının TRON adresini girin: ",
        "enter_tron_amount_transfer": "Transfer edilecek miktarı girin: ",
        "amount_numeric": "Miktar nümerik olmalıdır... İptal ediliyor.",

        "tron_transaction_submitted": "İşlem TRON ağına başarıyla gönderildi.\nTXID:",
        "tron_successful_transaction": "İşlem Başarılı",
        "tron_error_transaction": "İşlem onaylanırken hata ile karşılaşıldı",

        "see_you_soon": " Görüşmek üzere!",
        "sigint_detected": "\nSIGINT algılandı - Çıkış yapılıyor.",

        "about_1": "Duino-Coin CLI Cüzdan <3 ile Duino-Coin topluluğu tarafından geliştirilmiştir.",
        "about_2": "Mevcut versiyon ",
        "about_3": "Ayrıca MIT lisansı altındadır.",
        "about_4": "Sunucu versiyonu: ",
        "about_5": "Sunucu ",
        "about_6": ", versiyonunda ancak kullanıcı ",
        "about_7": ", versiyonundadır.Uygulamayı son sürüme güncelleyin.",
        "about_8": "Uygulama güncel",

        "donate_1": "Lütfen DUCO ve wDUCO nun sürdürülmesi için bağışlarınızı esirgemeyin (wrap ve unwrap işlemleri yöneticiler için ücretler barındırmaktadır.)",
        "donate_2": "TRON ve tokenlar: ",
        "donate_3": " (wrapper adresi)",
        "donate_4": " (revox, DUCO lider geliştirici)",
        "donate_5": " (wDUCO geliştirici)"
    },

    "indonesian": {
        "translation_autor": "fajarafriansh",
        "cant_connect_to_server": "Tidak dapat terhubung ke server. Mungkin sedang dalam pemeliharaan atau tidak aktif untuk sementara.\nMencoba lagi dalam 15 detik.",
        "cant_recieve_pool_ip_and_port": " Tidak dapat menerima alamat pool dan IP.\nKeluar dalam 15 detik.",
        "server_message": "Pesan server: ",
        "success": "Sukses!",
        "cancelled": "Dibatalkan...",
        "duco_commands": " Perintah DUCO:",
        "wrapper_commands": " Perintah Wrapper-related:",

        "base64_not_installed": "Base64 tidak terinstal. Harap instal \"base64\" secara manual\nKeluar dalam 15 detik.",
        "tronpy_not_installed": "Tronpy tidak terinstal. Silakan instal menggunakan: python3 -m pip install tronpy.\nWrapper dinonaktifkan karena tronpy tidak terinstal.",
        "tronpy_not_installed_2": "Tronpy tidak terinstal. Silakan instal menggunakan: python3 -m pip install tronpy.",
        "cryptography_not_installed": "Cryptography tidak terinstal. Silakan instal menggunakan: python3 -m pip install cryptography.\nKeluar dalam 15 detik.",
        "secrets_not_installed": "Secrets tidak terinstal. Silakan instal menggunakan: python3 -m pip install secrets.\nKeluar dalam 15 detik.",
        "websocket_not_installed": "Websocket-client tidak terinstal. Silakan instal menggunakan: python3 -m pip install websocket-client.\nKeluar dalam 15 detik.",
        "colorama_not_installed": "Colorama tidak terinstal. Silakan instal menggunakan: python3 -m pip install colorama.\nKeluar dalam 15 detik.",

        "first_run": "Dompet CLI Duino-Coin first-run\n",
        "select_option": "Pilih opsi",
        "choice_input": "  1 - Masuk\n  2 - Daftar\n  3 - Keluar\n",
        "choice_input_wrapper": "1 - Buat kunci baru\n2 - Impor kunci\n3 - Batalkan\n",
        "value_not_numeric": "Galat, nilainya harus numerik",

        "enter_username": "Masukkan nama pengguna Anda: ",
        "enter_email": "Masukkan alamat email Anda: ",
        "enter_password": "Masukkan kata sandi Anda (tidak ditampilkan untuk privasi): ",
        "confirm_password": "Konfirmasikan kata sandi Anda (tidak ditampilkan untuk privasi): ",
        "enter_current_password": "Masukkan kata sandi Anda: ",
        "enter_new_password": "Masukan kata sandi baru: ",

        "agree_requirments": "Dengan mendaftarkan akun baru, Anda menyetujui persyaratan layanan dan kebijakan privasi yang tersedia di ",

        "register_success": "Berhasil mendaftarkan akun baru",
        "register_failed": "Tidak dapat mendaftarkan pengguna baru, alasannya: ",

        "login_success": "Berhasil masuk",
        "login_failed": "Tidak dapat masuk, alasannya: ",

        "decrypt_private_key": "Frasa sandi untuk mendekripsi kunci pribadi: ",
        "encrypt_private_key": "Masukkan frasa sandi Anda untuk mengenkripsi kunci pribadi: ",
        "invalid_passphrase_wrapper": "Frasa sandi tidak valid, menonaktifkan wrapper untuk sesi ini",
        "input_private_key": "Masukkan kunci pribadi Anda sendiri: ",
        "incorrect_key": "Kunci yang diberikan salah",
        "incorrect_value": "Nilai yang diberikan salah",

        "cli_wallet_text": "\nDompet CLI Duino-Coin",
        "you_have": "Anda memiliki ",
        "which_is_about": "Tentang ",
        "duco_price": "Harga DUCO: ",

        "pending_unwraps": "Unwraps tertunda ",
        "tron_address": "Alamat Tron untuk menerima: ",
        "trx_balance": "Saldo TRX (berguna untuk biaya): ",

        "how_encrypt_private_key": "Bagaimana Anda ingin mengenkripsi kunci pribadi di dalam file konfigurasi?",
        "encryption_choice": "1 - enkripsi menggunakan kata sandi DUCO\n2 - gunakan frasa sandi khusus Anda (lebih aman)",

        "amount_to_wrap": "Masukkan jumlah yang akan dibungkus (minimal 10): ",
        "no_amount_numeric": "TIDAK, Jumlah harus berupa angka... membatalkan",
        "enter_tron_address_or_local": "Masukkan alamat Tron atau biarkan kosong untuk memilih dompet lokal: ",

        "error_min_10_duco": "Galat, jumlah minimum adalah 10 DUCO",
        "error_unsufficient_balance": "Galat, saldo tidak mencukupi",
        "error_wrong_passphrase": "Wrapper dinonaktifkan, Anda memasukkan frasa sandi yang salah",
        "error_configure_wrapperconf": "Wrapper dinonaktifkan, konfigurasikan menggunakan `wrapperconf`",
        "error_not_enough_energy_or_trx": "Gagal, Anda harus memiliki cukup energi atau trx",

        "enter_amount_unwrap": "Masukkan jumlah yang akan dibuka: ",
        "initiating_unwrap": "Memulai membuka bungkusan...\nTXid :",
        "error_initiating_unwrap": "Ada kesalahan saat memulai membuka, membatalkan",
        "amount_over_pending_values": "Jumlahnya melebihi nilai yang tertunda, menggunakan nilai yang tertunda untuk menghemat biaya txn",
        "transaction_send_txid": "Transaksi terkirim, txid :",
        "finished_unwrapping": "Selesai membuka bungkus",

        "confirm_export_private_key": "Ketik YES untuk mengonfirmasi ekspor kunci pribadi : ",
        "private_key": "Kunci pribadi: ",
        "cancelled_invalid_confirmation": "Dibatalkan, konfirmasi tidak valid",

        "help_list_command": "Ketik `help` untuk melihat daftar perintah yang tersedia",
        "duco_console": "Konsol DUCO ᕲ ",

        "enter_recipients_name": "Masukkan nama pengguna penerima: ",
        "enter_amount_transfer": "Masukkan jumlah yang akan dikirim: ",
        "enter_tron_recipients_name": "Masukkan alamat TRON penerima: ",
        "enter_tron_amount_transfer": "Masukkan jumlah yang akan dikirim: ",
        "amount_numeric": "Jumlahnya harus numerik... membatalkan",

        "tron_transaction_submitted": "Transaksi dikirim ke jaringan TRON\nTXID:",
        "tron_successful_transaction": "Transaksi berhasil",
        "tron_error_transaction": "Kesalahan saat mengonfirmasi transaksi",

        "see_you_soon": " Sampai jumpa lagi!",
        "sigint_detected": "\nSIGINT terdeteksi - Keluar dengan anggun.",

        "about_1": "Dompet CLI Duino-Coin dibuat dengan <3 oleh komunitas Duino-Coin",
        "about_2": "Ini adalah versi ",
        "about_3": "Dan didistribusikan di bawah lisensi MIT",
        "about_4": "Versi server: ",
        "about_5": "Server ada di versi ",
        "about_6": ", tetapi klien menggunakan versi ",
        "about_7": ", Anda harus mempertimbangkan untuk mengunduh rilis terbaru",
        "about_8": "Client is up-to-date",

        "donate_1": "Jangan ragu untuk menyumbang untuk membantu memelihara DUCO dan wDUCO (pembungkusan/pembukaan melibatkan biaya untuk pengelola)",
        "donate_2": "TRON dan token: ",
        "donate_3": " (alamat pembungkus)",
        "donate_4": " (revox, pengembang utama DUCO)",
        "donate_5": " (pengembang wDUCO)"
    }
}
