{
	"english": {
		"translation_author": "Duino-Coin developers",
		"welcome_message": "Welcome to the\nDuino-Coin\nTkinter GUI Wallet",
		"warning": "Warning",
		"duino_coin_wallet": "Duino-Coin Wallet",
		"uppercase_duino_coin_wallet": "DUINO-COIN WALLET",
		"loading_database": "Loading database...",
		"please_wait": "Please wait...",
		"please_wait_calculating": "Please wait - calculating...",
		"preparing_wallet_window": "Preparing wallet window...",
		"username": "USERNAME",
		"passwd": "PASSWORD",
		"keep_me_logged_in": "Keep me logged in",
		"login": "LOGIN",
		"register": "REGISTER",
		"login_error": "Error logging-in",
		"fill_the_blanks_warning": "Fill in the blanks first",
		"registration_success": "Registration successfull",
		"registration_success_msg": "New user has been registered sucessfully. You can now login",
		"register_on_network": "Register on network",
		"register_tos_warning": "By using Duino-Coin you agree to comply with the Terms of Service",
		"confirm_passwd": "Confirm password",
		"old_passwd": "OLD PASSWORD",
		"new_passwd": "NEW PASSWORD",
		"confirm_new_passwd": "CONFIRM NEW PASSWORD",
		"register_error": "Error registering user",
		"error_passwd_dont_match": "Passwords don't match",
		"same_passwd_error": "New password is the same as the old one",
		"loading": "Loading",
		"wallet": "Wallet",
		"recipient": "RECIPIENT",
		"amount": "AMOUNT",
		"send_funds": "SEND DUCO",
		"send_funds_warning": "Are you sure you want to send",
		"send_funds_to": "to",
		"wrap_duco": "WRAP DUCO",
		"unwrap_duco": "UNWRAP DUCO",
		"estimated_profit": "ESTIMATED PROFIT",
		"estimated_profit_miner_warning": "Launch your miners first to see estimated profit.",
		"wallet_transactions": "Duino-Coin Wallet - Transactions",
		"local_transactions": "LOCAL TRANSACTIONS",
		"transaction_list": "TRANSACTION LIST",
		"transaction_list_notice": "Click on the transaction to view it in the explorer.",
		"currency_converter": "CURRENCY CONVERTER",
		"from": "FROM",
		"to": "TO",
		"input_amount": "INPUT AMOUNT",
		"calculate": "CALCULATE",
		"calculate_error": "Incorrect calculation",
		"wallet_calculator": "Duino-Coin Wallet - Currency converter",
		"result": "RESULT",
		"statistics": "Statistics",
		"statistics_title": "Duino-Coin Wallet - Statistics",
		"your miners": "YOUR MINERS",
		"statistics_miner_warning": "Couldn't detect any miners on your account",
		"richlist": "RICHLIST",
		"network_info": "NETWORK INFO",
		"difficulty": "Difficulty",
		"mined_blocks": "Mined blocks",
		"network_hashrate": "Network hashrate",
		"active_miners": "Active miners",
		"estimated_price": "est. price",
		"registered_users": "Registered users",
		"mined_duco": "All-time mined DUCO",
		"wrapper_title": "Duino-Coin Wallet - Wrapper",
		"wrapped_error_tronpy": "Tronpy is not installed, please install it using `pip install tronpy`",
		"wrapper_error": "Wrapper is not configured. Please configure it in settings!",
		"wrapper_error_title": "Wrapper error",
		"invalid_passphrase": "Invalid passphrase, disabling wrapper for this session",
		"wrapper_config_title": "DUCO Wrapper config",
		"unwrapper_title": "Duino-Coin Wallet - Unwrapper",
		"unwrap_amount": "Amount to unwrap: ",
		"ask_passphrase": "Passphrase (for accessing private key):",
		"ask_private_key": "Private key: ",
		"passphrase": "Passphrase: ",
		"settings": "Settings",
		"uppercase_settings": "SETTINGS",
		"settings_title": "Duino-Coin Wallet - Settings",
		"logout": "LOGOUT",
		"change_passwd": "CHANGE PASSWORD",
		"change_passwd_lowercase": "Change password",
		"change_passwd_error": "Error changing password",
		"change_passwd_ok": "Password changed",
		"configure_wrapper": "CONFIGURE WRAPPER",
		"configure_wrapper_lowercase": "Configure Wrapper",
		"clear_transactions": "CLEAR TRANSACTIONS",
		"logged_in_as": "Logged-in as user",
		"wallet_version": "Wallet version",
		"minute": "MINUTE",
		"hour": "HOUR",
		"day": "DAY",
		"config_dev_warning": "More options will come in the future",
		"your_miners": "YOUR MINERS",
		"session": "SESSION",
		"wrapper_success": "Successfull wrapping",
		"wrapper_amount_to_wrap": "Amount to wrap",
		"email": "E-MAIL",
		"wrapper_error_tronpy": "Error with Tronpy",
		"translation_author_message": "Wallet translated by:",
		"notification_new_transaction": "New transaction",
		"sessionprofit_unavailable1": "Launch your miners",
		"sessionprofit_unavailable2": "first to see estimated profit.",
		"tray_show": "Show window",
		"tray_exit": "Exit window"
	},
  "korean": {
		"translation_author": "cnu-cse student k.h.e",
		"welcome_message": "\nDuino-Coin\nTkinter GUI Wallet에 오신 것을 환영합니다",
		"warning": "경고",
		"duino_coin_wallet": "Duino-Coin Wallet",
		"uppercase_duino_coin_wallet": "DUINO-COIN Wallet",
		"loading_database": "데이터베이스 로드 중...",
		"please_wait": "잠시만 기다려 주세요...",
		"please_wait_calculating": "잠시만 기다려 주세요 - 계산 중...",
		"preparing_wallet_window": "Wallet 윈도우 창 준비 중...",
		"username": "사용자 이름",
		"passwd": "비밀번호",
		"keep_me_logged_in": "로그인 상태 유지",
		"login": "로그인",
		"register": "등록",
		"login_error": "로그인 오류",
		"fill_the_blanks_warning": "빈칸 먼저 채워주세요.",
		"registration_success": "등록 성공",
		"registration_success_msg": "사용자 등록이 완료되었습니다. 이제 로그인할 수 있습니다.",
		"register_on_network": "네트워크에 등록",
		"register_tos_warning": "Duino-Coin 사용은 서비스 약관 준수 동의로 간주됩니다.",
		"confirm_passwd": "비밀번호 확인",
		"old_passwd": "이전 비밀번호",
		"new_passwd": "새로운 비밀번호",
		"confirm_new_passwd": "새로운 비밀번호 확인",
		"register_error": "사용자 등록 오류",
		"error_passwd_dont_match": "비밀번호가 일치하지 않습니다.",
		"same_passwd_error": "이전 비밀번호와 새로운 비밀번호가 동일합니다.",
		"loading": "로드 중",
		"wallet": "Wallet",
		"recipient": "영수증",
		"amount": "금액",
		"send_funds": "DUCO 보내기",
		"send_funds_warning": "을(를) 보내시겠습니까?",
		"send_funds_to": "에게",
		"wrap_duco": "DUCO wrap하기",
		"unwrap_duco": "DUCO unwrap하기",
		"estimated_profit": "추정 이익",
		"estimated_profit_miner_warning": "추정 이익을 확인하려면 먼저 채굴기를 시작하세요.",
		"wallet_transactions": "Duino-Coin Wallet - 트랜잭션",
		"local_transactions": "local 트랜잭션",
		"transaction_list": "트랜잭션 목록",
		"transaction_list_notice": "탐색기에서 확인하려면 트랜잭션 클릭하세요.",
		"currency_converter": "통화 변환기",
		"from": "FROM",
		"to": "TO",
		"input_amount": "입력 금액",
		"calculate": "계산",
		"calculate_error": "계산 오류",
		"wallet_calculator": "Duino-Coin Wallet - 통화 변환기",
		"result": "결과",
		"statistics": "통계",
		"statistics_title": "Duino-Coin Wallet - 통계",
		"your miners": "당신의 채굴자들",
		"statistics_miner_warning": "계좌에서 채굴자를 감지할 수 없습니다.",
		"richlist": "리치리스트",
		"network_info": "네트워크 정보",
		"difficulty": "난이도",
		"mined_blocks": "채굴된 블록",
		"network_hashrate": "네트워크 해시레이트",
		"active_miners": "활동적인 채굴자",
		"estimated_price": "예상 가격",
		"registered_users": "등록된 사용자",
		"mined_duco": "역대 채굴 DUCO",
		"wrapper_title": "Duino-Coin Wallet - wrapper",
		"wrapped_error_tronpy": "Tronpy가 설치되지 않았습니다. `pip install tronpy`를 사용하여 설치하세요.",
		"wrapper_error": "wrapper 환경설정이 완료되지 않았습니다. 설정에서 완료해 주세요.",
		"wrapper_error_title": "wrapper 에러",
		"invalid_passphrase": "잘못된 암호입니다. 이 세션에 대해 wrapper를 사용할 수 없습니다.",
		"wrapper_config_title": "DUCO wrapper 구성",
		"unwrapper_title": "Duino-Coin Wallet - unwrapper",
		"unwrap_amount": "unwrap 금액: ",
		"ask_passphrase": "암호 (개인 키 액세스 목적):",
		"ask_private_key": "개인 키: ",
		"passphrase": "암호: ",
		"settings": "설정",
		"uppercase_settings": "설정",
		"settings_title": "Duino-Coin Wallet - 설정",
		"logout": "로그아웃",
		"change_passwd": "비밀번호 변경",
		"change_passwd_lowercase": "비밀번호 변경",
		"change_passwd_error": "비밀번호 변경 오류",
		"change_passwd_ok": "비밀번호가 변경되었습니다.",
		"configure_wrapper": "wrapper 설정",
		"configure_wrapper_lowercase": "wrapper 설정",
		"clear_transactions": "트랜잭션 초기화",
		"logged_in_as": "사용자로 로그인",
		"wallet_version": "Wallet 버전",
		"minute": "분",
		"hour": "시간",
		"day": "일",
		"config_dev_warning": "향후 옵션 추가 예정",
		"your_miners": "당신의 채굴자들",
		"session": "세션",
		"wrapper_success": "wrap 완료",
		"wrapper_amount_to_wrap": "wrap 금액",
		"email": "이메일",
		"wrapper_error_tronpy": "Tronpy 에러",
		"translation_author_message": "Wallet 번역:",
		"notification_new_transaction": "새로운 트랜잭션",
		"sessionprofit_unavailable1": "채굴기 가동",
		"sessionprofit_unavailable2": "첫 번째로 예상 이익 확인하기.",
		"tray_show": "윈도우 창 열기",
		"tray_exit": "윈도우 창 종료"
	},
        "slovak": {
		"translation_author": "backo",
		"welcome_message": "Vitajte v\nDuino-Coin\nTkinter GUI peňaženke",
		"warning": "Varovanie",
		"duino_coin_wallet": "Duino-Coin peňaženka",
		"uppercase_duino_coin_wallet": "DUINO-COIN PEŇAŽENKA",
		"loading_database": "Načítava sa databáza...",
		"please_wait": "Prosím počkajte...",
		"please_wait_calculating": "Prosím čakajte - kalkulujem...",
		"preparing_wallet_window": "príprava okienka peňaženky",
		"username": "používatelské meno",
		"passwd": "heslo",
		"keep_me_logged_in": "Nechaj ma prihláseného",
		"login": "Prihlásiť sa",
		"register": "Registrovať sa",
		"login_error": "Error pri prihlasovaní",
		"fill_the_blanks_warning": "najprv vyplňte prázdne miesta",
		"registration_success": "Registrácia prebehla úspešne",
		"registration_success_msg": "Nový používateľ bol úspešne zaregistrovaný. Teraz sa môžete prihlásiť",
		"register_on_network": "Zaregistrujte sa",
		"register_tos_warning": "Používaním Duino-Coin súhlasíte s dodržiavaním Podmienok služby",
		"confirm_passwd": "Potvrďte heslo",
		"old_passwd": "Staré heslo",
		"new_passwd": "Nové heslo",
		"confirm_new_passwd": "Potvrďte nové heslo",
		"register_error": "chyba pri registrácii užívateľa",
		"error_passwd_dont_match": "Heslá sa nezhodujú",
		"same_passwd_error": "Nové heslo je rovnaké ako staré",
		"loading": "Načítavanie...",
		"wallet": "Peňaženka",
		"recipient": "príjemca",
		"amount": "čiastka",
		"send_funds": "poslať DUCO",
		"send_funds_warning": "Naozaj chcete odoslať",
		"send_funds_to": "ku",
		"wrap_duco": "Wrappnúť DUCO",
		"unwrap_duco": "Unwrappnúť DUCO",
		"estimated_profit": "ODhadovaný zisk",
		"estimated_profit_miner_warning": "Najprv spustite minerov, aby ste videli odhadovaný zisk.",
		"wallet_transactions": "Peňaženka Duino-Coin - Transakcie",
		"local_transactions": "lokálne transakcie",
		"transaction_list": "zoznam transakcí",
		"transaction_list_notice": "Kliknutím na transakciu ju zobrazíte v prieskumníku.",
		"currency_converter": "Prevodník mien",
		"from": "od",
		"to": "ku",
		"input_amount": "zadajte množstvo",
		"calculate": "kalkulovať",
		"calculate_error": "Nesprávny výpočet",
		"wallet_calculator": "Duino-Coin Peňaženka - Prevodník mien",
		"result": "výsledok",
		"statistics": "štatistiky",
		"statistics_title": "Duino-Coin peňaženka - štatistiky",
		"your miners": "Vaši mineri",
		"statistics_miner_warning": "Na vašom účte sa nepodarilo nájsť žiadnych minerov",
		"richlist": "RICHLIST",
		"network_info": "Network informácie",
		"difficulty": "obtiažnosť",
		"mined_blocks": "Bloky vyťažené",
		"network_hashrate": "Sieťový hashrate",
		"active_miners": "Aktívny mineri",
		"estimated_price": "cena cca:",
		"registered_users": "Registrovaný používatelia",
		"mined_duco": "Všetky DUCO vyťažené za celú dobu",
		"wrapper_title": "Duino-Coin Peňaženka - Wrapper",
		"wrapped_error_tronpy": "Tronpy nie je nainštalovaný, nainštalujte ho pomocou `pip install tronpy`",
		"wrapper_error": "Wrapper nie je nakonfigurovaný. Nakonfigurujte ho v nastaveniach!",
		"wrapper_error_title": "Wrapper error",
		"invalid_passphrase": "Neplatná passfráza, vypína sa wrapper pre túto reláciu",
		"wrapper_config_title": "DUCO Wrapper config",
		"unwrapper_title": "Duino-Coin peňaženka - Unwrapper",
		"unwrap_amount": "čiastka na unwrap: ",
		"ask_passphrase": "Passfráza (pre prístup k súkromnému kľúču):",
		"ask_private_key": "súkromný kľúč: ",
		"passphrase": "Passfráza: ",
		"settings": "nastavenia",
		"uppercase_settings": "NASTAVENIA",
		"settings_title": "Duino-Coin Peňaženka - nastavenia",
		"logout": "Odhlásiť sa",
		"change_passwd": "zmeniť heslo",
		"change_passwd_lowercase": "zmeniť heslo",
		"change_passwd_error": "chyba pri zmene hesla",
		"change_passwd_ok": "Heslo zmenené",
		"configure_wrapper": "Konfiguruj wrapper",
		"configure_wrapper_lowercase": "Konfiguruj wrapper",
		"clear_transactions": "Vymazať transakcie",
		"logged_in_as": "Prihlásený ako",
		"wallet_version": "Verzia peňaženky",
		"minute": "Minúta",
		"hour": "Hodina",
		"day": "Deň",
		"config_dev_warning": "V budúcnosti pribudnú ďalšie možnosti",
		"your_miners": "vaši mineri",
		"session": "relácia",
		"wrapper_success": "Úspešné zabalenie",
		"wrapper_amount_to_wrap": "čiastka na wrapnutie",
		"email": "E-MAIL",
		"wrapper_error_tronpy": "Error s tronpy",
		"translation_author_message": "peňaženku preložil:",
		"notification_new_transaction": "Nová transakcia",
		"sessionprofit_unavailable1": "Spusti tvojich minerov",
		"sessionprofit_unavailable2": "potom uvidíte váš odhadovaný zisk.",
		"tray_show": "ukázať okno",
		"tray_exit": "zavrieť okno"
	},
	"italian": {
		"translation_author": "Il mastro Stefanuzzo (no spaces on GitHub)",
		"welcome_message": "Benvenuto nel\nDuino-Coin\nTkinter GUI Wallet",
		"warning": "Avvertimento",
		"duino_coin_wallet": "Portafoglio Duino-Coin",
		"uppercase_duino_coin_wallet": "PORTAFOGLIO DUINO-COIN",
		"loading_database": "Caricando database...",
		"please_wait": "Per favore attendi...",
		"please_wait_calculating": "Per favore attendi - calcolo...",
		"preparing_wallet_window": "Preparazione finestta del portafoglio...",
		"username": "USERNAME (nome utente)",
		"passwd": "PASSWORD",
		"keep_me_logged_in": "Mantieni l'accesso",
		"login": "LOGIN",
		"register": "REGISTRATI",
		"login_error": "Errore durante il log-in",
		"fill_the_blanks_warning": "Riempi gli spazi vuoti prima",
		"registration_success": "Registrazione riuscita",
		"registration_success_msg": "Nuovo utente registrato con successo. Ora puoi effettuare il log-in",
		"register_on_network": "Register on network",
		"register_tos_warning": "Usando Duino-Coin accetti di rispettare i Termini di Servizio",
		"confirm_passwd": "Conferma password",
		"old_passwd": "VECCHIA PASSWORD",
		"new_passwd": "NUOVA PASSWORD",
		"confirm_new_passwd": "CONFERMA NUOVA PASSWORD",
		"register_error": "Errore nella registrazione dell'utente",
		"error_passwd_dont_match": "Le password non corrispondono",
		"same_passwd_error": "La nuova password è uguale alla vecchia",
		"loading": "Caricamento",
		"wallet": "Portafoglio",
		"recipient": "DESTINATARIO/A",
		"amount": "QUANTITÀ",
		"send_funds": "INVIA DUCO",
		"send_funds_warning": "Sei sicuro di voler inviare?",
		"send_funds_to": "verso",
		"wrap_duco": "DUCO WRAP",
		"unwrap_duco": "DUCO UNWRAP",
		"estimated_profit": "PROFITTO STIMATO",
		"estimated_profit_miner_warning": "Avvia i tuoi miner per vedere il profitto stimato.",
		"wallet_transactions": "Portafoglio Duino-Coin - Transazione",
		"local_transactions": "TRANSAZIONI LOCALI",
		"transaction_list": "LISTA DELLE TRANSAZIONI",
		"transaction_list_notice": "Clicca sulla transazione per vederla nell'explorer.",
		"currency_converter": "CONVERTITORE DI VALUTA",
		"from": "DA",
		"to": "A",
		"input_amount": "QUANTITÀ",
		"calculate": "CALCOLA",
		"calculate_error": "Calcolo errato",
		"wallet_calculator": "Portafoglio Duino-Coin - Convertitore di valuta",
		"result": "RISULTATO",
		"statistics": "Statistiche",
		"statistics_title": "Portafoglio Duino-Coin - Statistiche",
		"your miners": "I TUOI MINATORI",
		"statistics_miner_warning": "Non è stato possibile rilevare alcun minatore sul tuo account",
		"richlist": "RICHLIST",
		"network_info": "INFORMAZIONI NETWORK",
		"difficulty": "Difficoltà",
		"mined_blocks": "Blocchi minati",
		"network_hashrate": "Hashrate Network",
		"active_miners": "Minatori attivi",
		"estimated_price": "prezzo stimato",
		"registered_users": "Utenti registrati ",
		"mined_duco": "DUCO minati (totale storico)",
		"wrapper_title": "Portafoglio Duino-Coin - Wrapper",
		"wrapped_error_tronpy": "Tronpy non è installato, per favore installalo usando \"pip install tronpy\"",
		"wrapper_error": "Il wrapper non è configurato. Per favore configuralo nelle impostazioni!",
		"wrapper_error_title": "Errore del wrapper",
		"invalid_passphrase": "Passphrase invalida, disabilitazione del wrapper per questa sessione",
		"wrapper_config_title": "Configurazione DUCO Wrapper",
		"unwrapper_title": "Portafoglio Duino-Coin - Unwrapper",
		"unwrap_amount": "Quantità su cui eseguire l'unwrap: ",
		"ask_passphrase": "Passphrase (per eccedere alla chiave privata):",
		"ask_private_key": "Chiave privata: ",
		"passphrase": "Passphrase: ",
		"settings": "Impostazioni",
		"uppercase_settings": "IMPOSTAZIONI",
		"settings_title": "Portafoglio Duino-Coin - Impostazioni",
		"logout": "LOGOUT",
		"change_passwd": "CAMBIA PASSWORD",
		"change_passwd_lowercase": "Cambia password",
		"change_passwd_error": "Errore nel cambio della password",
		"change_passwd_ok": "Password cambiata",
		"configure_wrapper": "CONFIGURA WRAPPER",
		"configure_wrapper_lowercase": "Configura Wrapper",
		"clear_transactions": "PULISCI TRANSAZIONI",
		"logged_in_as": "Loggato come utente",
		"wallet_version": "Versione del portafoglio",
		"minute": "MINUTO",
		"hour": "ORA",
		"day": "GIORNO",
		"config_dev_warning": "Più opzioni disponibili in futuro",
		"your_miners": "I TUOI MINATORI",
		"session": "SESSIONE",
		"wrapper_success": "Wrapping riuscito",
		"wrapper_amount_to_wrap": "Quantità su qui eseguire il wrap",
		"email": "E-MAIL",
		"wrapper_error_tronpy": "Errore con Tronpy",
		"translation_author_message": "Portafoglio tradotto da: ",
		"notification_new_transaction": "Nuova transazione",
		"sessionprofit_unavailable1": "Avvia i tuoi miner",
		"sessionprofit_unavailable2": "prima per vedere il tuo profitto stimato.",
		"tray_show": "Mostra finestra",
		"tray_exit": "Esci dalla finestra"
	},
	"spanish": {
		"translation_author": "HGEpro",
		"welcome_message": "Bienvenido al\nmonedero\nde Duino-Coin",
		"warning": "Advertencia",
		"duino_coin_wallet": "Monedero de Duino-Coin",
		"uppercase_duino_coin_wallet": "MONEDERO DUINO-COIN",
		"loading_database": "Cargando base de datos...",
		"please_wait": "Porfavor espera...",
		"please_wait_calculating": "Porfavor espera - calculando...",
		"preparing_wallet_window": "Preparando ventana del monedero...",
		"username": "USUARIO",
		"passwd": "CONTRASEÑA",
		"session": "SESIÓN",
		"keep_me_logged_in": "Manténme iniciado",
		"login": "ACCEDER",
		"register": "REGISTRAR",
		"login_error": "Error accediendo",
		"fill_the_blanks_warning": "Rellena los campos primero",
		"registration_success": "Registro finalizado",
		"registration_success_msg": "Has sido registrado correctamente, ya puedes acceder",
		"register_on_network": "Register on network",
		"register_tos_warning": "Al usar Duino-Coin estás aceptando el cumplimiento de los Términos de Servicio",
		"confirm_passwd": "Confirma la contraseña",
		"old_passwd": "ANTIGUA CONTRASEÑA",
		"new_passwd": "NUEVA CONTRASEÑA",
		"confirm_new_passwd": "CONFIRMA LA NUEVA CONTRASEÑA",
		"register_error": "Error registrando el usuario",
		"error_passwd_dont_match": "Las contraseñas no coinciden",
		"same_passwd_error": "La nueva contraseña es la misma que la anterior",
		"loading": "Cargando",
		"wallet": "Monedero",
		"recipient": "RECIPIENTE",
		"amount": "CANTIDAD",
		"send_funds": "ENVIAR FONDOS",
		"send_funds_warning": "Estás segur@ de que quieres enviar",
		"send_funds_to": "a",
		"wrap_duco": "WRAP DUCO",
		"unwrap_duco": "UNWRAP DUCO",
		"estimated_profit": "BENEFICIO ESTIMADO",
		"estimated_profit_miner_warning": "Ejecuta primero tus mineros para ver el beneficio estimado.",
		"wallet_transactions": "Monedero Duino-Coin - Transacciones",
		"local_transactions": "TRANSACCIONES LOCALES",
		"local_transactions_list": "LISTA DE TRANSACCIONES LOCALES",
		"local_transactions_list_warning": "Recuerda que sigue en desarrollo",
		"currency_converter": "CONVERSOR DE DIVISAS",
		"from": "DE",
		"to": "PARA",
		"imput_amount": "INTRODUCE CANTIDAD",
		"calculate": "CALCULAR",
		"calculate_error": "Cálculo incorrecto",
		"wallet_calculator": "Monedero de Duino-Coin - Calculadora",
		"result": "RESULTADO",
		"statistics": "Estadísticas",
		"statistics_title": "Monedero Duino-Coin - Estadísticas",
		"your_miners": "TUS MINEROS",
		"statistics_miner_warning": "No se han podido detectar mineros en tu cuenta",
		"richlist": "LISTA DE USUARIOS MÁS RICOS",
		"network_info": "INFORMACIÓN DE RED",
		"difficulty": "Dificultad",
		"mined_blocks": "Bloques minados",
		"network_hashrate": "Tasa de hash de la red",
		"active_miners": "Mineros activos",
		"estimated_price": "precio est.",
		"registered_users": "Usuarios registrados",
		"mined_duco": "DUCO minado en total",
		"wrapper_title": "Monedero Duino-Coin - Wrapper",
		"wrapped_error_tronpy": "Tronpy no está instalado, porfavor hazlo usando `pip install tronpy`",
		"invalid_passphrase": "Frase errónea, desactivando el wrapper en esta sesión.",
		"wrapper_error": "El wrapper no está configurado, por favor, hazlo en los ajustes",
		"wrapper_error_title": "Error del wrapper",
		"wrapper_config_title": "Ajustes del DUCO Wrapper",
		"unwrap_amount": "Cantidad para el unwrap : ",
		"ask_passphrase": "Frase (para acceder a la clave privada) :",
		"ask_private_key": "Clave privada : ",
		"passphrase": "Frase : ",
		"configure_wrapper_lowercase": "Configure Wrapper",
		"settings": "Ajustes",
		"uppercase_settings": "AJUSTES",
		"settings_title": "Monedero Duino-Coin - Ajustes",
		"logout": "CERRAR SESIÓN",
		"change_passwd": "CAMBIAR CONTRASEÑA",
		"change_passwd_error": "Error cambiando la contraseña",
		"change_passwd_lowercase": "Cambiar contraseña",
		"change_passwd_ok": "Contraseña cambiada",
		"configure_wrapper": "CONFIGURAR WRAPPER",
		"clear_transactions": "LIMPIAR TRANSACCIONES",
		"logged_in_as": "Iniciado como usuario",
		"wallet_version": "Versión del monedero",
		"config_dev_warning": "Más opciones vendrán en el futuro",
		"minute": "MINUTO",
		"hour": "HORA",
		"day": "DÍA",
		"input_amount": "INTRODUCE CANTIDAD",
		"email": "E-MAIL",
		"wrapper_error_tronpy": "Error con Tronpy",
		"translation_author_message": "Monedero traducido por:",
		"notification_new_transaction": "Nueva transacción",
		"sessionprofit_unavailable1": "Lanza tus mineros",
		"sessionprofit_unavailable2": "primero para ver el beneficio estimado.",
		"tray_show": "Muestra la app",
		"tray_exit": "Cierra la app"
	},
	"polish": {
		"translation_author": "revox",
		"welcome_message": "Witaj w portfelu\nDuino-Coin\nbazowanym na Tkinter",
		"warning": "Ostrzeżenie",
		"duino_coin_wallet": "Portfel Duino-Coin",
		"uppercase_duino_coin_wallet": "PORTFEL DUINO-COIN",
		"loading_database": "Wczytywanie zasobów...",
		"please_wait": "Proszę czekać...",
		"please_wait_calculating": "Proszę czekać - obliczanie...",
		"preparing_wallet_window": "Przygotowywanie okna portfela...",
		"username": "UŻYTKOWNIK",
		"passwd": "HASŁO",
		"keep_me_logged_in": "Zapamiętaj mnie",
		"login": "ZALOGUJ",
		"register": "ZAREJESTRUJ",
		"login_error": "Błąd podczas logowania",
		"fill_the_blanks_warning": "Najpierw wypełnij wszystkie pola",
		"registration_success": "Rejestracja zakończona",
		"registration_success_msg": "Pomyślnie zarejestrowano nowe konto. Teraz możesz się zalogować",
		"register_on_network": "Zarejestruj się",
		"register_tos_warning": "Używając Duino-Coin zgadzasz się na przestrzeganie warunków usługi",
		"confirm_passwd": "Potwierdź hasło",
		"old_passwd": "STARE HASŁO",
		"new_passwd": "NOWE HASŁO",
		"confirm_new_passwd": "POTWIERDŹ NOWE HASŁO",
		"register_error": "Błąd podczas rejestrowania",
		"error_passwd_dont_match": "Hasła się nie zgadzają",
		"same_passwd_error": "Nowe hasło jest takie same jak obecne",
		"loading": "Ładowanie",
		"wallet": "Portfel",
		"recipient": "ODBIORCA",
		"amount": "ILOŚĆ",
		"send_funds": "WYŚLIJ DUCO",
		"send_funds_warning": "Czy na pewno chcesz wysłać",
		"send_funds_to": "do",
		"wrap_duco": "WRAPUJ DUCO",
		"unwrap_duco": "ODWRAPUJ DUCO",
		"estimated_profit": "SZACOWANY ZYSK",
		"estimated_profit_miner_warning": "Najpierw włącz swoje koparki aby zobaczyć szacowany zysk.",
		"wallet_transactions": "Portfel Duino-Coin - Transakcje",
		"local_transactions": "LOKALNE TRANSAKCJE",
		"local_transactions_list": "LOKALNA LISTA TRANSAKCJI",
		"local_transactions_list_warning": "Ta funkcja nie jest jeszcze gotowa",
		"currency_converter": "PRZELICZNIK WALUT",
		"from": "Z",
		"to": "DO",
		"input_amount": "WPROWADŹ WARTOŚĆ",
		"calculate": "KONWERTUJ",
		"calculate_error": "Nieprawidłowe obliczenie",
		"wallet_calculator": "Portfel Duino-Coin - Przelicznik walut",
		"result": "WYNIK",
		"statistics": "Statystyki",
		"statistics_title": "Portfel Duino-Coin - Statystyki",
		"your miners": "TWOJE KOPARKI",
		"statistics_miner_warning": "Nie wykryto żadnych koparek na Twoim koncie",
		"richlist": "NAJBOGATSI UŻYTKOWNICY",
		"network_info": "INFORMACJE O SIECI",
		"difficulty": "Trudność kopania",
		"mined_blocks": "Wykopane bloki",
		"network_hashrate": "Hashrate sieci",
		"active_miners": "Aktywni górnicy",
		"estimated_price": "to około",
		"registered_users": "Zarejestrowani użytkownicy",
		"mined_duco": "Wszystkie wykopane DUCO",
		"wrapper_title": "Portfel Duino-Coin - Wrapper",
		"wrapped_error_tronpy": "Tronpy nie jest zainstalowane, zainstaluj je przy użyciu pip install tronpy",
		"wrapper_error": "Wrapper nie jest skonfigurowany. Skonfiguruj go w ustawieniach!",
		"wrapper_error_title": "Błąd Wrappera",
		"invalid_passphrase": "Nieprawidłowe hasło, wrapper wyłączony dla tej sesji",
		"wrapper_config_title": "Ustawienia Wrappera DUCO",
		"unwrapper_title": "Portfel Duino-Coin - Unwrapper",
		"unwrap_amount": "Ilość środków do odwrapowania: ",
		"ask_passphrase": "Hasło (używane do prywatnego klucza) :",
		"ask_private_key": "Prywatny klucz: ",
		"passphrase": "Hasło: ",
		"settings": "Ustawienia",
		"uppercase_settings": "USTAWIENIA",
		"settings_title": "Portfel Duino-Coin - Ustawienia",
		"logout": "WYLOGUJ",
		"change_passwd": "ZMIEŃ HASŁO",
		"change_passwd_lowercase": "Zmień hasło",
		"change_passwd_error": "Błąd podczas zmieniania hasła",
		"change_passwd_ok": "Hasło zostało zmienione",
		"configure_wrapper": "USTAWIENIA WRAPPERA",
		"configure_wrapper_lowercase": "Ustawienia Wrappera",
		"clear_transactions": "WYCZYŚĆ TRANSAKCJE",
		"logged_in_as": "Zalogowano jako",
		"wallet_version": "Wersja portfela",
		"config_dev_warning": "Więcej funkcji zostanie dodanych wkrótce",
		"your_miners": "TWOJE KOPARKI",
		"session": "PODCZAS TEJ SESJI",
		"minute": "MINUTĘ",
		"hour": "GODZINĘ",
		"day": "DZIEŃ",
		"wrapper_success": "Wrappowanie zakończone pomyślnie",
		"wrapper_amount_to_wrap": "Ilość do zamiany",
		"email": "E-MAIL",
		"wrapper_error_tronpy": "Wystąpił błąd z Tronpy",
		"translation_author_message": "Tłumacz portfela:",
		"notification_new_transaction": "Nowa transakcja",
		"sessionprofit_unavailable1": "Najpierw włącz swoje koparki",
		"sessionprofit_unavailable2": "aby widzieć szacowany zysk.",
		"tray_show": "Pokaż okno",
		"tray_exit": "Zamknij okno"
	},
	"french": {
		"translation_author": "Bilaboz",
		"welcome_message": "Bienvenue sur le\nportefeuille Tkinter\nDuino-Coin",
		"warning": "Attention",
		"duino_coin_wallet": "Portefeuille Duino-Coin",
		"uppercase_duino_coin_wallet": "PORTEFEUILLE DUINO-COIN",
		"loading_database": "Chargement de la base de données...",
		"please_wait": "Veuillez patienter svp...",
		"please_wait_calculating": "Calcul en cours - veuillez patienter...",
		"preparing_wallet_window": "Préparation de la fenêtre du portefeuille...",
		"username": "NOM D'UTILISATEUR",
		"passwd": "MOT DE PASSE",
		"keep_me_logged_in": "Gardez moi connecté",
		"login": "CONNEXION",
		"register": "INSCRIPTION",
		"login_error": "Erreur d'authentification",
		"fill_the_blanks_warning": "Veuillez remplir les champs vides",
		"registration_success": "Inscription réussie",
		"registration_success_msg": "Inscription du nouvel utilisateur réussie. Vous pouvez connecter a présent",
		"register_on_network": "Inscription sur le réseau",
		"register_tos_warning": "En utilisant Duino-Coin, vous acceptez de vous conformer aux conditions d'utilisation",
		"confirm_passwd": "Confirmez le mot de passe",
		"old_passwd": "ANCIEN MOT DE PASSE",
		"new_passwd": "NOUVEAU MOT DE PASSE",
		"confirm_new_passwd": "CONFIRMEZ LE NOUVEAU MOT DE PASSE",
		"register_error": "Erreur durant l'inscription du nouvel utilisateur",
		"error_passwd_dont_match": "Les mots de passe ne correspondent pas",
		"same_passwd_error": "Le nouveau mot de passe est identique au précedent",
		"loading": "Chargement",
		"wallet": "Portfeuille",
		"recipient": "DESTINATAIRE",
		"amount": "MONTANT",
		"send_funds": "ENVOYER LES DUCO",
		"send_funds_warning": "Etes-vous sûr de vouloir envoyer",
		"send_funds_to": "à",
		"wrap_duco": "WRAP DUCO",
		"unwrap_duco": "UNWRAP DUCO",
		"estimated_profit": "PROFIT ESTIMÉ",
		"estimated_profit_miner_warning": "Lancez vos mineurs pour voir le profit estimé.",
		"wallet_transactions": "Portfeuille Duino-Coin - Transactions",
		"local_transactions": "TRANSACTIONS LOCALES",
		"local_transactions_list": "LISTE DES TRANSACTIONS LOCALES",
		"local_transactions_list_warning": "Fonctionnalité toujours en développement",
		"currency_converter": "CONVERTISSEUR DE DEVISES",
		"from": "DE",
		"to": "A",
		"input_amount": "MONTANT",
		"calculate": "CALCULER",
		"calculate_error": "Calcul incorrecte",
		"wallet_calculator": "Portefeuille Duino-Coin - Convertisseur de devises",
		"result": "RESULTAT",
		"statistics": "Statistiques",
		"statistics_title": "Portefeuille Duino-Coin - Statistiques",
		"your miners": "VOS MINEURS",
		"statistics_miner_warning": "Auncun mineur détecté sur votre compte",
		"richlist": "UTILISATEURS LES PLUS RICHES",
		"network_info": "Informations sur le réseau",
		"difficulty": "Difficulté",
		"mined_blocks": "Block minés",
		"network_hashrate": "Taux de hachage du réseau",
		"active_miners": "Mineurs actifs",
		"estimated_price": "prix estimé",
		"registered_users": "Utilisateurs inscrits",
		"mined_duco": "Nombre de DUCO minés",
		"wrapper_title": "Portefeuille Duino-Coin - Wrapper",
		"wrapped_error_tronpy": "Tronpy n'est pas installé, installez-le avec `pip install tronpy`",
		"wrapper_error": "Le wrapper n'est pas configuré. Configurez le dans les paramètres svp!",
		"wrapper_error_title": "Erreur wrapper",
		"invalid_passphrase": "Passphrase invalide, le wrapper sera désactivé pendant cette session",
		"wrapper_config_title": "Configuration du wrapper",
		"unwrapper_title": "Portefeuille Duino-Coin - Unwrapper",
		"unwrap_amount": "Montant à unwrap: ",
		"ask_passphrase": "Passphrase (pour accéder à la clé privée):",
		"ask_private_key": "Clé privée: ",
		"passphrase": "Passphrase: ",
		"settings": "Paramètres",
		"uppercase_settings": "PARAMETRES",
		"settings_title": "Portefeuille Duino-Coin - Paramètres",
		"logout": "DECONNEXION",
		"change_passwd": "CHANGER DE MDP",
		"change_passwd_lowercase": "Changer de mot de passe",
		"change_passwd_error": "Erreur lors du changement de mot de passe",
		"change_passwd_ok": "Mot de passe changé",
		"configure_wrapper": "CONFIGURER LE WRAPPER",
		"configure_wrapper_lowercase": "Configurer le Wrapper",
		"clear_transactions": "EFFACER TRANSACTIONS",
		"logged_in_as": "Connecté comme",
		"wallet_version": "Version du portefeuille",
		"minute": "MINUTE",
		"hour": "HEURE",
		"day": "JOUR",
		"config_dev_warning": "Plus d'options viendront dans le futur",
		"your_miners": "VOS MINEURS",
		"session": "SESSION",
		"wrapper_success": "Wrapping effectué",
		"wrapper_amount_to_wrap": "Montant à wrap",
		"email": "E-MAIL",
		"wrapper_error_tronpy": "Erreur avec Tronpy",
		"translation_author_message": "Traduction française par:",
		"notification_new_transaction": "Nouvelle transaction",
		"sessionprofit_unavailable1": "Lancez vos mineurs",
		"sessionprofit_unavailable2": "pour voir le profit estimé.",
		"tray_show": "Afficher la fenêtre",
		"tray_exit": "Quitter la fenêtre"
	},
	"german": {
		"translation_author": "SarahIsWeird, BastelPichi",
		"welcome_message": "Willkommen im\nDuino-Coin\nTkinter GUI Wallet",
		"warning": "Achtung",
		"duino_coin_wallet": "Duino-Coin Wallet",
		"uppercase_duino_coin_wallet": "DUINO-COIN WALLET",
		"loading_database": "Datenbank wird geöffnet...",
		"please_wait": "Bitte warten...",
		"please_wait_calculating": "Berechne, bitte warten...",
		"preparing_wallet_window": "Bereite Wallet-Fenster vor...",
		"username": "Benutzername",
		"passwd": "Passwort",
		"keep_me_logged_in": "Angemeldet bleiben",
		"login": "Einloggen",
		"register": "Registrieren",
		"login_error": "Fehler beim Einloggen",
		"fill_the_blanks_warning": "Bitte fülle alle Felder aus.",
		"registration_success": "Registrierung erfolgreich!",
		"registration_success_msg": "Du hast dich erfolgreich registriert! Du kannst dich nun anmelden.",
		"register_on_network": "Im Netzwerk registrieren",
		"register_tos_warning": "Indem du Duino-Coin benutzt, stimmst du den Allgemeinen Geschäftsbedingungen zu",
		"confirm_passwd": "Passwort bestätigen",
		"old_passwd": "Altes Passwort",
		"new_passwd": "Neues Passwort",
		"confirm_new_passwd": "Neues Passwort",
		"register_error": "Fehler bei der Registrierung",
		"error_passwd_dont_match": "Die Passwörter stimmen nicht überein.",
		"same_passwd_error": "Das neue Passwort ist identisch zum alten Passwort.",
		"loading": "Laden…",
		"wallet": "Wallet",
		"recipient": "Empfänger",
		"amount": "Betrag",
		"send_funds": "DUCO versenden",
		"send_funds_warning": "Bist du dir sicher? Du versendest",
		"send_funds_to": "an",
		"wrap_duco": "zu wDUCO tauschen",
		"unwrap_duco": "von wDUCO zu DUCO",
		"estimated_profit": "Geschätzter Wert",
		"estimated_profit_miner_warning": "Bitte starte erst deine Miner, um deinen Profit zu sehen.",
		"wallet_transactions": "Duino-Coin Wallet - Transaktionen",
		"local_transactions": "lokale Transaktionen",
		"local_transactions_list": "Liste der lokalen Transaktionen",
		"local_transactions_list_warning": "Hier wird noch dran gearbeitet!",
		"currency_converter": "Währungsumrechner",
		"from": "von",
		"to": "zu",
		"input_amount": "Menge",
		"calculate": "Berechnen",
		"calculate_error": "Ungültige Berechnung!",
		"wallet_calculator": "Duino-Coin Wallet - Währungsumrechner",
		"result": "Ergebnis",
		"statistics": "Statistiken",
		"statistics_title": "Duino-Coin Wallet - Statistiken",
		"your miners": "Deine Miner",
		"statistics_miner_warning": "Es konnten keine Miner gefunden werden, die mit deinem Konto verknüpft sind.",
		"richlist": "TOP 10 Benutzer",
		"network_info": "Netzwerkinformationen",
		"difficulty": "Schwierigkeitsgrad",
		"mined_blocks": "Geschürfte Blöcke",
		"network_hashrate": "Hashrate des Netzwerks",
		"active_miners": "Aktive Miner",
		"estimated_price": "Preis (ca.)",
		"registered_users": "Registrierte Nutzer",
		"mined_duco": "Insgesamt geminte DUCOs",
		"wrapper_title": "Duino-Coin Wallet - konverter",
		"wrapped_error_tronpy": "Tronpy konnte nicht gefunden werden. Bitte installiere es mit `pip install tronpy`.",
		"wrapper_error": "Der wDUCO Konverter ist nicht konfiguriert. Bitte konfiguriere ihn in den Einstellungen.",
		"wrapper_error_title": "Fehler beim Umwickeln",
		"invalid_passphrase": "Inkorrekte Passphrase, der Umwickler wird für die jetzige Sitzung deaktiviert.",
		"wrapper_config_title": "DUCO-Umwickler konfiguration",
		"unwrapper_title": "Duino-Coin Wallet - Entwickler",
		"unwrap_amount": "Menge zum Entwickeln: ",
		"ask_passphrase": "Passphrase (für den Zugriff auf den privaten Schlüssel):",
		"ask_private_key": "Privater Schlüssel: ",
		"passphrase": "Passphrase: ",
		"settings": "Einstellungen",
		"uppercase_settings": "EINSTELLUNGEN",
		"settings_title": "Duino-Coin Wallet - Einstellungen",
		"logout": "Ausloggen",
		"change_passwd": "Passwort ändern",
		"change_passwd_lowercase": "Passwort ändern",
		"change_passwd_error": "Fehler bei der Passwortänderung",
		"change_passwd_ok": "Das Passwort wurde geändert.",
		"configure_wrapper": "UMWICKLER KONFIGURIEREN",
		"configure_wrapper_lowercase": "Umwickler konfigurieren",
		"clear_transactions": "Transaktionen löschen",
		"logged_in_as": "Eingeloggt als Benutzer",
		"wallet_version": "Walletversion",
		"minute": "Minute",
		"hour": "Stunde",
		"day": "Tag","config_dev_warning": "In Zukunft wird es mehr Optionen geben.",
		"your_miners": "Deine Miner",
		"session": "Sitzung",
		"wrapper_success": "Erfolgreich umwickelt!",
		"wrapper_amount_to_wrap": "Menge zum Umwickeln",
		"wrapper_error_tronpy": "Tronpy-Fehler",
		"translation_author_message": " Übersetzt von: ",
		"notification_new_transaction": "Neue Transaktion",
		"sessionprofit_unavailable1": "Starte erst deine Miner,",
		"sessionprofit_unavailable2": "um den geschätzten Profit zu sehen.",
		"tray_show": "Fenster anzeigen",
		"tray_exit": "Fenster schließen"
	},
	"russian": {
		"translation_author": "5Q",
		"welcome_message": "Добро пожаловать в\nTkinter GUI кошелек\nDuino-Coin",
		"warning": "Внимание",
		"duino_coin_wallet": "Кошелек Duino-Coin",
		"uppercase_duino_coin_wallet": "КОШЕЛЕК DUINO-COIN",
		"loading_database": "Загружаем базу данных...",
		"please_wait": "Пожалуйста подождите...",
		"please_wait_calculating": "Пожалуйста подождите - вычисляем...",
		"preparing_wallet_window": "Подготавливаем окно кошелька...",
		"username": "ИМЯ ПОЛЬЗОВАТЕЛЯ",
		"passwd": "ПАРОЛЬ",
		"keep_me_logged_in": "Запомнить",
		"login": "ВХОД",
		"register": "РЕГИСТРАЦИЯ",
		"login_error": "Ошибка входа",
		"fill_the_blanks_warning": "Сначала заполните поля",
		"registration_success": "Регистрация успешна",
		"registration_success_msg": "Новый пользователь был успешно зарегистрирован. Теперь вы можете войти",
		"register_on_network": "Зарегистрироваться в сети",
		"register_tos_warning": "Используя Duino-Coin вы соглашаетесь с условиями предоставления услуг",
		"confirm_passwd": "Повторите пароль",
		"old_passwd": "СТАРЫЙ ПАРОЛЬ",
		"new_passwd": "НОВЫЙ ПАРОЛЬ",
		"confirm_new_passwd": "ПОВТОРИТЕ НОВЫЙ ПАРОЛЬ",
		"register_error": "Ошибка регистрации пользователя",
		"error_passwd_dont_match": "Пароли не совпадают",
		"same_passwd_error": "Новый пароль не может совпадать со старым",
		"loading": "Загрузка",
		"wallet": "Кошелек",
		"recipient": "ПОЛУЧАТЕЛЬ",
		"amount": "СУММА",
		"send_funds": "ОТПРАВИТЬ DUCO",
		"send_funds_warning": "Вы уверены что хотите отправить",
		"send_funds_to": "к",
		"wrap_duco": "ОБЕРНУТЬ DUCO",
		"unwrap_duco": "РАЗВЕРНУТЬ DUCO",
		"estimated_profit": "ПРИБЛИЗИТЕЛЬНАЯ ПРИБЫЛЬ",
		"estimated_profit_miner_warning": "Сначала запустите своих майнеров, чтобы увидеть прим. прибыль.",
		"wallet_transactions": "Кошелек Duino-Coin - Транзакции",
		"local_transactions": "ЛОКАЛЬНЫЕ ТРАНЗАКЦИИ",
		"local_transactions_list": "СПИСОК ЛОКАЛЬНЫХ ТРАНЗАКЦИЙ",
		"local_transactions_list_warning": "В разработке",
		"currency_converter": "КОНВЕРТЕР ВАЛЮТ",
		"from": "ИЗ",
		"to": "В",
		"input_amount": "ВВЕДИТЕ СУММУ",
		"calculate": "ВЫЧИСЛИТЬ",
		"calculate_error": "Ошибка вычисления",
		"wallet_calculator": "Кошелек Duino-Coin - Конвертер валют",
		"result": "РЕЗУЛЬТАТ",
		"statistics": "Статистика",
		"statistics_title": "Кошелек Duino-Coin - Статистика",
		"your miners": "ВАШИ МАЙНЕРЫ",
		"statistics_miner_warning": "Не удалось найти майнеров на вашем аккаунте",
		"richlist": "БОГАЧИ",
		"network_info": "ИНФОРМАЦИЯ О СЕТИ",
		"difficulty": "Сложность",
		"mined_blocks": "Добытые блоки",
		"network_hashrate": "Скорость сети",
		"active_miners": "Активные майнеры",
		"estimated_price": "стоит",
		"registered_users": "Зарегистрировано пользователей",
		"mined_duco": "DUCO добыто за всё время",
		"wrapper_title": "Кошелек Duino-Coin - Wrapper",
		"wrapped_error_tronpy": "Tronpy не установлен, пожалуйста установите его командой `pip install tronpy`",
		"wrapper_error": "Wrapper не настроен. Пожалуйста настройте его в настройках!",
		"wrapper_error_title": "Ошибка обертки",
		"invalid_passphrase": "Неверная кодовая фраза, отключаем Wrapper для этой сессии",
		"wrapper_config_title": "Настройка DUCO Wrapper",
		"unwrapper_title": "Кошелек Duino-Coin - Unwrapper",
		"unwrap_amount": "Сумма для развертки: ",
		"ask_passphrase": "Кодовая фраза (для приватного ключа):",
		"ask_private_key": "Приватный ключ: ",
		"passphrase": "Кодовая фраза: ",
		"settings": "Настройки",
		"uppercase_settings": "НАСТРОЙКИ",
		"settings_title": "Кошелек Duino-Coin - Настройки",
		"logout": "ВЫХОД",
		"change_passwd": "СМЕНА ПАРОЛЯ",
		"change_passwd_lowercase": "Смена пароля",
		"change_passwd_error": "Ошибка смены пароля",
		"change_passwd_ok": "Пароль изменен",
		"configure_wrapper": "НАСТРОЙКА WRAPPER",
		"configure_wrapper_lowercase": "Настройка Wrapper",
		"clear_transactions": "ОЧИСТИТЬ ТРАНЗАКЦИИ",
		"logged_in_as": "Вы вошли как",
		"wallet_version": "Версия кошелька",
		"minute": "МИНУТА",
		"hour": "ЧАС",
		"day": "ДЕНЬ",
		"config_dev_warning": "В будущем будет доступно больше функций",
		"your_miners": "ВАШИ МАЙНЕРЫ",
		"session": "СЕССИЯ",
		"wrapper_success": "Успешная обвертка",
		"wrapper_amount_to_wrap": "Сумма для обвертки",
		"email": "E-MAIL",
		"wrapper_error_tronpy": "Ошибка Tronpy",
		"translation_author_message": "Кошелек перевел:",
		"notification_new_transaction": "Новая транзакция",
		"sessionprofit_unavailable1": "Сначала запустите своих майнеров",
		"sessionprofit_unavailable2": "для того чтобы увидеть приблизительную прибыль.",
		"tray_show": "Показать окно",
		"tray_exit": "Закрыть окно"
	},
	"dutch": {
		"translation_author": "acrid",
		"welcome_message": "Welkom in de\nDuino-Coin\nTkinter GUI Portemonnee",
		"warning": "Waarschuwing",
		"duino_coin_wallet": "Duino-Coin Portemonnee",
		"uppercase_duino_coin_wallet": "DUINO-COIN PORTEMONNEE",
		"loading_database": "Database laden...",
		"please_wait": "Wacht alstublieft...",
		"please_wait_calculating": "Wacht alstublieft - berekenen...",
		"preparing_wallet_window": "Portemonnee window voorbereiden...",
		"username": "GEBRUIKERSNAAM",
		"passwd": "WACHTWOORD",
		"keep_me_logged_in": "Houd mij ingelogd",
		"login": "LOGIN",
		"register": "REGISTREREN",
		"login_error": "Probleem met inloggen",
		"fill_the_blanks_warning": "Lege vakken eerst invullen",
		"registration_success": "Registratie succesvol",
		"registration_success_msg": "Nieuwe gebruiker succesvol gerigistreerd. U kunt nu inloggen",
		"register_on_network": "Registreer op netwerk",
		"register_tos_warning": "Ved at bruge Duino-Coin accepterer du at overholde vilkårene for brug",
		"confirm_passwd": "Wachtwoord confirmeren",
		"old_passwd": "OUD WWACHTWOORD",
		"new_passwd": "NIEUW WACHTWOORD",
		"confirm_new_passwd": "NIEUW WACHTWOORD OPNIEUW",
		"register_error": "Probleem met registratie",
		"error_passwd_dont_match": "Wachtwoord is niet hetzelfde",
		"same_passwd_error": "Nieuw wachtwoord is hetzelfde als het oude wachtwoord",
		"loading": "Laden",
		"wallet": "Portemonnee",
		"recipient": "ONTVANGER",
		"amount": "BEDRAG",
		"send_funds": "DUCO VERZENDEN",
		"send_funds_warning": "Weet je zeker dat U wilt versturen",
		"send_funds_to": "naar",
		"wrap_duco": "WRAP DUCO",
		"unwrap_duco": "UNWRAP DUCO",
		"estimated_profit": "VOORSPELDE WINST",
		"estimated_profit_miner_warning": "Start uw miners eerst om uw voorspelde winst te zien",
		"wallet_transactions": "Duino-Coin Portemonnee - Transacties",
		"local_transactions": "LOKALE TRANSACTIES",
		"local_transactions_list": "LOKALE TRANSACTIE LIJST",
		"local_transactions_list_warning": "Nog een work in progress-versie",
		"currency_converter": "VALUTA-OMZETTER",
		"from": "VAN",
		"to": "NAAR",
		"input_amount": "INVOERBEDRAG",
		"calculate": "BEREKEN",
		"calculate_error": "Onjuiste berekening",
		"wallet_calculator": "Duino-Coin Portemonnee - Valuta-mzetter",
		"result": "RESULTAAT",
		"statistics": "STATISTIEKEN",
		"statistics_title": "Duino-Coin Portemonnee - Statistieken",
		"your miners": "UW MINERS",
		"statistics_miner_warning": "Kon geen miners detecteren op uw account",
		"richlist": "RICHLIST",
		"network_info": "NETWERK INFO",
		"difficulty": "Moeilijkheid",
		"mined_blocks": "Gemijnde blocks",
		"network_hashrate": "Netwerk hashrate",
		"active_miners": "Actieve miners",
		"estimated_price": "est. prijs",
		"registered_users": "Geregistreerde gebruikers",
		"mined_duco": "Totaal aantal geminede DUCO",
		"wrapper_title": "Duino-Coin Portemonnee - Wrapper",
		"wrapped_error_tronpy": "Tronpy is niet geïnstalleerd, installeer het alstublieft met `pip install tronpy`",
		"wrapper_error": "Wrapper is niet geconfigureerd. Configureer  het alstublieft in instellingen!",
		"wrapper_error_title": "Wrapper fout",
		"invalid_passphrase": "Verkeerde wachtwoordzin, wrapper uitgezet voor deze sessie",
		"wrapper_config_title": "DUCO Wrapper config",
		"unwrapper_title": "Duino-Coin Portemonnee - Unwrapper",
		"unwrap_amount": "Bedrag voor unwrap: ",
		"ask_passphrase": "Wachtwoordzin (voor toegang tot privé sleutel):",
		"ask_private_key": "Privé sleutel: ",
		"passphrase": "Wachtwoordzin: ",
		"settings": "Instellingen",
		"uppercase_settings": "INSTELLINGEN",
		"settings_title": "Duino-Coin Portemonnee - Instellingen",
		"logout": "UITLOGGEN",
		"change_passwd": "WACHTWOORD VERRANDEREN",
		"change_passwd_lowercase": "Wachtwoord verranderen",
		"change_passwd_error": "Wachtwoord verranderen mislukt",
		"change_passwd_ok": "Wachtwoord verrandert",
		"configure_wrapper": "WRAPPER CONFIGUREREN",
		"configure_wrapper_lowercase": "Wrapper configureren",
		"clear_transactions": "TRANSACTIES LEEGMAKEN",
		"logged_in_as": "Ingelogd als gebruiker",
		"wallet_version": "Portemonnee versie",
		"minute": "MINUUT",
		"hour": "UUR",
		"day": "DAG",
		"config_dev_warning": "Meer opties komen in de toekomst",
		"your_miners": "UW MINERS",
		"session": "SESSIE",
		"wrapper_success": "Successvolle wrapping",
		"wrapper_amount_to_wrap": "Bedrag voor wrap",
		"email": "E-MAIL",
		"wrapper_error_tronpy": "Fout met Tronpy",
		"translation_author_message": "Portemonnee vertaald door:",
		"notification_new_transaction": "Nieuwe transactie",
		"sessionprofit_unavailable1": "Start uw miners",
		"sessionprofit_unavailable2": "eerst om voorspelde winst te zien",
		"tray_show": "Laat window zien",
		"tray_exit": "Verlaat window"
	},
	"bulgarian": {
		"translation_author": "Punixz",
		"welcome_message": "Добре дошли в\nDuino-Coin\nTkinter GUI Wallet",
		"warning": "Внимание!",
		"duino_coin_wallet": "Duino-Coin портфейл",
		"uppercase_duino_coin_wallet": "DUINO-COIN ПОРТФЕЙЛ",
		"loading_database": "Зареждане на базата данни...",
		"please_wait": "Моля изчакайте...",
		"please_wait_calculating": "Моля, изчакайте изчисляването...",
		"preparing_wallet_window": "Подготвяне на прозореца на портфейла...",
		"username": "ПОТРЕБИТЕЛСКО ИМЕ",
		"passwd": "ПАРОЛА",
		"keep_me_logged_in": "Запомни ме",
		"login": "ВЛИЗАНЕ",
		"register": "РЕГИСТРАЦИЯ",
		"login_error": "Грешка при влизането",
		"fill_the_blanks_warning": "Попълнете празните полета!",
		"registration_success": "Регистрацията е успешна!",
		"registration_success_msg": "Новият потребител е регистриран успешно. Може вече да влезете!",
		"register_on_network": "Регистриране на мрежата",
		"register_tos_warning": "Използвайки Duino-Coin, вие се съгласявате да спазвате Общите условия",
		"confirm_passwd": "Потвърдете паролата",
		"old_passwd": "СТАРА ПАРОЛА",
		"new_passwd": "НОВА ПАРОЛА",
		"confirm_new_passwd": "ПОТВЪРДЕТЕ НОВАТА ПАРОЛА",
		"register_error": "Грешка при регистрирането!",
		"error_passwd_dont_match": "Паролите не се съвпадат!",
		"same_passwd_error": "Новата парола е същата като старата!",
		"loading": "Зареждане",
		"wallet": "Портфейл",
		"recipient": "ПОЛУЧАТЕЛ",
		"amount": "КОЛИЧЕСТВО",
		"send_funds": "ИЗПРАТИ DUCO",
		"send_funds_warning": "Сигурни ли сте, че искате да изпратите?",
		"send_funds_to": "до",
		"wrap_duco": "WRAP DUCO",
		"unwrap_duco": "UNWRAP DUCO",
		"estimated_profit": "ПРОГНОЗНА ПЕЧАЛБА",
		"estimated_profit_miner_warning": "Стартирайте първо своите миньори, за да видите прогнозната печалба.",
		"wallet_transactions": "Duino-Coin Портфейл - Преводи",
		"local_transactions": "ЛОКАЛНИ ПРЕВОДИ",
		"local_transactions_list": "СПИСЪК С ЛОКАЛНИ ПРЕВОДИ",
		"local_transactions_list_warning": "Версията е все още в процес на изработка!",
		"currency_converter": "КОНВЕРТОР НА ВАЛУТИ",
		"from": "ОТ",
		"to": "ДО",
		"input_amount": "СУМА",
		"calculate": "ИЗЧИСЛИ",
		"calculate_error": "Неправилно изчисляване",
		"wallet_calculator": "Duino-Coin Портфейл - Валутен конвертор",
		"result": "РЕЗУЛТАТ",
		"statistics": "Статистика",
		"statistics_title": "Duino-Coin Портфейл - Статистика",
		"your miners": "Вашите миньори",
		"statistics_miner_warning": "Не намираме миньори на твоя профил",
		"richlist": "Списък с богаташи",
		"network_info": "ИНФОРМАЦИЯ ЗА МРЕЖАТА",
		"difficulty": "Трудност",
		"mined_blocks": "Изкопани блокове",
		"network_hashrate": "Мрежова скорост",
		"active_miners": "Активни копачи",
		"estimated_price": "Прогнозна цена",
		"registered_users": "Регистрирани потребители",
		"mined_duco": "Изкопано до сега DUCO",
		"wrapper_title": "Duino-Coin Портфейл  - Wrapper",
		"wrapped_error_tronpy": "Tronpy не е инсталиран, моля, инсталирайте го с помощта на pip install tronpy",
		"wrapper_error": "Wrapper не е конфигуриран. Моля, конфигурирайте го в настройките!",
		"wrapper_error_title": "Wrapper грешка",
		"invalid_passphrase": "Невалидна паролна фраза, деактивиране на wrapper за тази сесия",
		"wrapper_config_title": "DUCO Wrapper настройка",
		"unwrapper_title": "Duino-Coin Портфейл - Unwrapper",
		"unwrap_amount": "Сума за unwrap: ",
		"ask_passphrase": "Паролна фраза (за достъп до личният ключ):",
		"ask_private_key": "Личен ключ: ",
		"passphrase": "Паролна фраза: ",
		"settings": "Настройки",
		"uppercase_settings": "НАСТРОЙКИ",
		"settings_title": "Duino-Coin Портфейл - Настройки",
		"logout": "ОТПИСВАНЕ",
		"change_passwd": "СМЯНА НА ПАРОЛА",
		"change_passwd_lowercase": "Смяна на парола",
		"change_passwd_error": "Грешка при смяна на паролата",
		"change_passwd_ok": "Паролата е сменена",
		"configure_wrapper": "НАСТРОЙКА НА WRAPPER",
		"configure_wrapper_lowercase": "Настройка на Wrapper",
		"clear_transactions": "ИЗЧИСТВАНЕ НА ПРЕВОДИТЕ",
		"logged_in_as": "Влезли като потребител",
		"wallet_version": "Версия на портфейла",
		"minute": "МИНУТА",
		"hour": "ЧАС",
		"day": "ДЕН",
		"config_dev_warning": "Повече опций ще бъдат добавени за в бъдеще",
		"your_miners": "ТВОЙТЕ КОПАЧКИ",
		"session": "СЕСИЯ",
		"wrapper_success": "Успешен wrapping",
		"wrapper_amount_to_wrap": "Сума за wrap",
		"email": "E-MAIL",
		"wrapper_error_tronpy": "Греша с Tronpy",
		"translation_author_message": "Портфейла е преведен от:",
		"notification_new_transaction": "Нов превод",
		"sessionprofit_unavailable1": "Стартирайте своите миньори",
		"sessionprofit_unavailable2": "първо да видите прогнозната печалба.",
		"tray_show": "Покажи прозореца",
		"tray_exit": "Излез от прозореца"
	},
	"turkish": {
		"translation_author": "phantom32",
		"welcome_message": "Duino-Coin\nTkinter GUI cüzdanına\nhoşgeldiniz",
		"warning": "Uyarı",
		"duino_coin_wallet": "Duino-Coin Cüzdanı",
		"uppercase_duino_coin_wallet": "DUINO-COIN CÜZDANI",
		"loading_database": "Veritabanı yükleniyor...",
		"please_wait": "Lütfen bekleyiniz...",
		"please_wait_calculating": "Lütfen bekleyiniz - hesaplanıyor...",
		"preparing_wallet_window": "Cüzdan penceresi hazırlanıyor...",
		"username": "KULLANICI ADI",
		"passwd": "ŞİFRE",
		"keep_me_logged_in": "Beni hatırla",
		"login": "GİRİŞ YAP",
		"register": "KAYIT OL",
		"login_error": "Giriş yaparken hata",
		"fill_the_blanks_warning": "İlk önce boşlukları doldurun",
		"registration_success": "Kayıt olma başarılı",
		"registration_success_msg": "Yeni kullanıcı başarıyla kaydedildi. Şimdi giriş yapabilirsiniz",
		"register_on_network": "Kayıt olma başarılı",
		"register_tos_warning": "Duino-Coin kullanarak, kullanım koşullarına uymayı kabul etmiş olursunuz",
		"confirm_passwd": "Şifrenizi doğrulayın",
		"old_passwd": "ESKİ ŞİFRE",
		"new_passwd": "YENİ ŞİFRE",
		"confirm_new_passwd": "YENİ ŞİFRENİZİ DOĞRULAYIN",
		"register_error": "Kullanıcıyı kayıt ederken hata",
		"error_passwd_dont_match": "Şifreler uyuşmuyor",
		"same_passwd_error": "Yeni şifreniz eski şifrenizle aynı",
		"loading": "Yükleniyor",
		"wallet": "Cüzdan",
		"recipient": "ALICI",
		"amount": "MİKTAR",
		"send_funds": "DUCO GÖNDER",
		"send_funds_warning": "Göndermek istediğinizden emin misiniz?",
		"send_funds_to": "Göndereceğiniz kullanıcı",
		"wrap_duco": "DUCO PAKETLE",
		"unwrap_duco": "DUCO PAKET AÇ",
		"estimated_profit": "TAHMİNİ KAR",
		"estimated_profit_miner_warning": "Tahmini karınızı görmek için ilk önce madencilerinizi başlatın.",
		"wallet_transactions": "Duino-Coin Cüzdanı - Aktarımlar",
		"local_transactions": "LOKAL AKTARIMLAR",
		"local_transactions_list": "LOKAL AKTARIM LİSTESİ",
		"local_transactions_list_warning": "Hala üstünde çalışılan bir versiyon",
		"currency_converter": "PARA BİRİMİ ÇEVİRİCİ",
		"from": "verecek kişi",
		"to": "alacak kişi",
		"input_amount": "GİRİŞ MİKTARI",
		"calculate": "HESAPLA",
		"calculate_error": "Yanlış hesaplama",
		"wallet_calculator": "Duino-Coin Cüzdanı - Para birimi çevirici",
		"result": "SONUÇ",
		"statistics": "Statistikler",
		"statistics_title": "Duino-Coin Cüzdan - Statistikler",
		"your miners": "SENİN MADENCİLERİN",
		"statistics_miner_warning": "Hesabınızda herhangi bir aktif madenci bulunamadı",
		"richlist": "ZENGİN LİSTESİ",
		"network_info": "AĞ DURUMU",
		"difficulty": "Zorluk",
		"mined_blocks": "Kazılmış bloklar",
		"network_hashrate": "Ağ hash hızı",
		"active_miners": "Aktif madenciler",
		"estimated_price": "tahmini fiyat",
		"registered_users": "Kayıt olmuş kullanıcılar",
		"mined_duco": "Tüm zamanlarda kazılmış duco",
		"wrapper_title": "Duino-Coin Cüzdanı - Paketleyici",
		"wrapped_error_tronpy": "Tronpy paketi yüklenmemiş, lütfen `pip install tronpy` komutunu kullanarak yükleyin",
		"wrapper_error": "Paketleyici yapılandırılmamış, lütfen Ayarlara gidip Paketleyiciyi yapılandırın!",
		"wrapper_error_title": "Paketleyici hatası",
		"invalid_passphrase": "Yanlış parola, bu oturum için Duco Paketleyici devre dışı bırakılıyor.",
		"wrapper_config_title": "DUCO Paketleyici yapılandırması",
		"unwrapper_title": "Duino-Coin Wallet - Paket açıcı",
		"unwrap_amount": "Açılacak paket miktarı: ",
		"ask_passphrase": "Şifre (Gizli anahtara erişim için):",
		"ask_private_key": "Gizli anahtar: ",
		"passphrase": "Parola: ",
		"settings": "Ayarlar",
		"uppercase_settings": "AYARLAR",
		"settings_title": "Duino-Coin Cüzdanı - Ayarlar",
		"logout": "ÇIKIŞ YAP",
		"change_passwd": "ŞİFRE DEĞİŞTİR",
		"change_passwd_lowercase": "Şifre değiştir",
		"change_passwd_error": "Şifre değiştirirken hata",
		"change_passwd_ok": "Şifre değiştirildi",
		"configure_wrapper": "PAKETLEYİCİYİ YAPILANDIR",
		"configure_wrapper_lowercase": "Paketleyiciyi yapılandır",
		"clear_transactions": "AKTARIMLARI TEMİZLE",
		"logged_in_as": "user olarak giriş yapıldı",
		"wallet_version": "Cüzdan versiyonu",
		"minute": "DAKİKA",
		"hour": "SAAT",
		"day": "GÜN",
		"config_dev_warning": "Gelecekte daha çok seçenek gelecektir",
		"your_miners": "SENİN MADENCİLERİN",
		"session": "OTURUM",
		"wrapper_success": "Başarılı paketleme",
		"wrapper_amount_to_wrap": "Paketlenecek miktar",
		"email": "E-POSTA",
		"wrapper_error_tronpy": "Tronpy hatası",
		"translation_author_message": "Cüzdan bu kullanıcı tarafından çevrilmiştir:",
		"notification_new_transaction": "Yeni aktarım",
		"sessionprofit_unavailable1": "Madencilerinizi başlatın",
		"sessionprofit_unavailable2": "Karınızı görmek için",
		"tray_show": "Pencereyi göster",
		"tray_exit": "Pencereyi kapat"
	},
	"portuguese": {
		"translation_author": "hexearth",
		"welcome_message": "Bem vindos\nCarteira Duino-Coin\nTkinter GUI",
		"warning": "Aviso",
		"duino_coin_wallet": "Carteira Duino-Coin",
		"uppercase_duino_coin_wallet": "Carteira DUINO-COIN",
		"loading_database": "A carregar base de dados...",
		"please_wait": "Por favor aguarde...",
		"please_wait_calculating": "Por favor aguarde - calculando...",
		"preparing_wallet_window": "Preparando a janela da carteira...",
		"username": "NOME UTILIZADOR",
		"passwd": "PASSWORD",
		"keep_me_logged_in": "Manter-me ligado",
		"login": "ENTRAR",
		"register": "REGISTAR",
		"login_error": "Erro ao entrar",
		"fill_the_blanks_warning": "Preencha os campos em branco primeiro",
		"registration_success": "Registo com sucesso",
		"registration_success_msg": "Novo utilizador registado com sucesso. Por favor faça ENTRAR",
		"register_on_network": "Registar na rede",
		"register_tos_warning": "Ao usar o Duino-Coin, você concorda em cumprir os termos de uso",
		"confirm_passwd": "Confirme password",
		"old_passwd": "PASSWORD ANTIGA",
		"new_passwd": "NOVA PASSWORD",
		"confirm_new_passwd": "CONFIRME NOVA PASSWORD",
		"register_error": "Erroa o registar utilizador",
		"error_passwd_dont_match": "Passwords não são iguais",
		"same_passwd_error": "Nova password é igual à anterior",
		"loading": "A abrir",
		"wallet": "Carteira",
		"recipient": "RECIPIENTE",
		"amount": "QUANTIDADE",
		"send_funds": "ENVIAR DUCO",
		"send_funds_warning": "Tem a certeza que deseja enviar",
		"send_funds_to": "para",
		"wrap_duco": "DAR DUCO",
		"unwrap_duco": "RECEBE DUCO",
		"estimated_profit": "LUCRO ESTIMADO",
		"estimated_profit_miner_warning": "Execute o miner primeiro para ver o lucro estimado.",
		"wallet_transactions": "Carteira Duino-Coin - Transacções",
		"local_transactions": "Transações locais",
		"local_transactions_list": "LISTA TRANSAÇôES LOCAIS",
		"local_transactions_list_warning": "Versão ainda em desenvolvimento",
		"currency_converter": "CONVERÇÃO MOEDA",
		"from": "Da moeda:",
		"to": "Para a moeda:",
		"input_amount": "Digite a quantidade",
		"calculate": "CALCULAR",
		"calculate_error": "Calculo incorreto",
		"wallet_calculator": "Carteira Duino-Coin - Conversor de moeda",
		"result": "RESULTADO",
		"statistics": "Estatisticas",
		"statistics_title": "Carteira Duino-Coin - Estatisticas",
		"your miners": "SEUS MINEIROS",
		"statistics_miner_warning": "Mineiros não detectados na sua conta",
		"richlist": "Lista",
		"network_info": "INFO DE REDE",
		"difficulty": "Dificuldade",
		"mined_blocks": "Blocos minados",
		"network_hashrate": "Hashrate de rede",
		"active_miners": "Mineiros ativos",
		"estimated_price": "preço estimado",
		"registered_users": "Utilizadores registados",
		"mined_duco": "Total global de DUCO minado",
		"wrapper_title": "Carteira Duino-Coin - Embalagem",
		"wrapped_error_tronpy": "Tronpy não instalado, por favor instale com comando `pip install tronpy`",
		"wrapper_error": "Embalador não configurado. Configure-o nas definições!",
		"wrapper_error_title": "Erro na embalagem",
		"invalid_passphrase": "Frase-secreta invalida, desligando embalagem para esta sessão",
		"wrapper_config_title": "Configurador DUCO embalagem",
		"unwrapper_title": "Carteira Duino-Coin - abrir embalagem",
		"unwrap_amount": "Qtd a desembrulhar: ",
		"ask_passphrase": "Palavra-passe (para aceder chave privada):",
		"ask_private_key": "Chave privada: ",
		"passphrase": "Palavra-pass: ",
		"settings": "Definições",
		"uppercase_settings": "DEFINIÇÕES",
		"settings_title": "Carteira Duino-Coin - Definições",
		"logout": "TERMINAR",
		"change_passwd": "ALTERAR PASSWORD",
		"change_passwd_lowercase": "Alterar password",
		"change_passwd_error": "Erro ao alterar password",
		"change_passwd_ok": "Password alterada",
		"configure_wrapper": "CONFIGURAR EMBALAGEM",
		"configure_wrapper_lowercase": "Configurar embalagem",
		"clear_transactions": "Limpar transações",
		"logged_in_as": "Entrou como utilizador",
		"wallet_version": "Versão da carteira",
		"minute": "MINUTO",
		"hour": "HORA",
		"day": "DIA",
		"config_dev_warning": "Mais opções vão aparecer no futuro",
		"your_miners": "SEUS MINEIROS",
		"session": "SESSÃO",
		"wrapper_success": "Embrulho com sucesso",
		"wrapper_amount_to_wrap": "Qtd para embrulhar",
		"email": "E-MAIL",
		"wrapper_error_tronpy": "Erro no Tronpy",
		"translation_author_message": "Carteira traduzida por:",
		"notification_new_transaction": "Nova transação",
		"sessionprofit_unavailable1": "Iniciar os seus mineiros",
		"sessionprofit_unavailable2": "primeiro para ver o lucro estimado.",
		"tray_show": "Mostrar janela",
		"tray_exit": "Janela de saída"
	},
	"esperanto": {
		"translation_author": "FabioPolancoE",
		"welcome_message": "Bonvenon al la\nDuino-Coin\nTkinter GUI Monujo",
		"warning": "Averto",
		"duino_coin_wallet": "Duino-Coin Monujo",
		"uppercase_duino_coin_wallet": "DUINO-COIN MONUJO",
		"loading_database": "Legado de datumbazo...",
		"please_wait": "Atendu bonvolu...",
		"please_wait_calculating": "Atendu ponvolu - ni estas kalkulanta...",
		"preparing_wallet_window": "Ni estas preparanta la fenestro de la monujo...",
		"username": "UZANTNOMO",
		"passwd": "PASVORTO",
		"keep_me_logged_in": "Memoru min",
		"login": "ENSALUTI",
		"register": "REGISTRIĜI",
		"login_error": "Ensalutado Eraro",
		"fill_the_blanks_warning": "Enigu la datumoj",
		"registration_success": "Sukcesa registrado",
		"registration_success_msg": "Nova uzanto registrita sukcese. Vi povas ensaluti nun",
		"register_on_network": "Registriĝi en la reto",
		"register_tos_warning": "Al usar Duino-Coin estás aceptando el cumplimiento de los Términos de Servicio",
		"confirm_passwd": "Konfirmu pasvorto",
		"old_passwd": "MALNOVA PASVORTO",
		"new_passwd": "NOVA PASVORTO",
		"confirm_new_passwd": "KONFIRMU NOVA PASVORTO",
		"register_error": "Registrado Eraro",
		"error_passwd_dont_match": "Pasvorto ne kongruas",
		"same_passwd_error": "Pasvorto neŝanĝita",
		"loading": "Ŝarĝanta",
		"wallet": "Monujo",
		"recipient": "RICEVANTO",
		"amount": "KVANTO",
		"send_funds": "ADRESI DUCO",
		"send_funds_warning": "Ĉu vi certas ke vi volas sendi",
		"send_funds_to": "al",
		"wrap_duco": "VOLVI DUCO",
		"unwrap_duco": "MALVOLVI DUCO",
		"estimated_profit": "ESTIMUMA PROFITO",
		"estimated_profit_miner_warning": "Komenci vian ministoj unue tiel, ke vi vidas proksimuma profito",
		"wallet_transactions": "Duino-Coin Monujo - Transakcioj",
		"local_transactions": "LOKA TRANSAKCIOJ",
		"local_transactions_list": "LOKTRANSAKCIA LISTO",
		"local_transactions_list_warning": "Ĉi tiu versio estas malgrande malstala",
		"currency_converter": "VALUTA KONVERTILO",
		"from": "DE",
		"to": "AL",
		"input_amount": "ENIGU KVANTO",
		"calculate": "KALKULI",
		"calculate_error": "Malĝusta kalkulo",
		"wallet_calculator": "Duino-Coin Monujo - Mona ekvivalento",
		"result": "REZULTO",
		"statistics": "Statistikoj",
		"statistics_title": "Duino-Coin Monujo - Statistikoj",
		"your miners": "VIA MINISTOJ",
		"statistics_miner_warning": "Ni ne povas troviĝi vian ministoj",
		"richlist": "LISTO DE RIĈULOJ",
		"network_info": "RETA INFORMO",
		"difficulty": "Malfacilaĵo",
		"mined_blocks": "Minita blokoj",
		"network_hashrate": "Reta Haŝ-veleco (Hashrate)",
		"active_miners": "Aktiva ministoj",
		"estimated_price": "proksimuma prezo",
		"registered_users": "Registrita uzantoj",
		"mined_duco": "Tuta la minita DUCO",
		"wrapper_title": "Duino-Coin Monujo - Mono envolvanto (Wrapper)",
		"wrapped_error_tronpy": "Tronpy ne estas instalita, instalu ĝin per `pip install tronpy` bonvolu",
		"wrapper_error": "Envolvanto (Wrapper) ne estas agordita. Agordu ĝin per la agordoj bonvolu!",
		"wrapper_error_title": "Envolvanta (Wrapper) eraro",
		"invalid_passphrase": "Malĝusta pasvorto, ni neebligos la envolvanto (Wrapper) por ĉi tiu seanco",
		"wrapper_config_title": "DUCO Envolvanto (Wrapper) agordoj",
		"unwrapper_title": "Duino-Coin Monujo - Malenvolvanto (Unwrapper)",
		"unwrap_amount": "Kvanto por la malenvolvantado (Unwrap): ",
		"ask_passphrase": "Pasvorto (por la antigo al la privata ŝlosilo):",
		"ask_private_key": "Privata ŝlosilo: ",
		"passphrase": "Pasvorto: ",
		"settings": "Agordoj",
		"uppercase_settings": "AGORDOJ",
		"settings_title": "Duino-Coin Monujo - Agordoj",
		"logout": "ELSALUTI",
		"change_passwd": "ŜANĜI PASVORTO",
		"change_passwd_lowercase": "Ŝanĝi pasvorto",
		"change_passwd_error": "Eraro: Ni ne povis ŝanĝi via pasvorto",
		"change_passwd_ok": "Pasvorto ŝanĝita",
		"configure_wrapper": "AGORDI ENVOLVANTO (WRAPPER)",
		"configure_wrapper_lowercase": "Agordi envolvanto (Wrapper)",
		"clear_transactions": "VIŜI TRANSAKCIOJ",
		"logged_in_as": "Uzanto estas ensalutinta",
		"wallet_version": "Versio de ĉi tiu monujo",
		"minute": "MINUTO",
		"hour": "HORO",
		"day": "TAGO",
		"config_dev_warning": "Ni aldonos pli agordoj poste",
		"your_miners": "VIA MINISTOJ",
		"session": "SEANCO",
		"wrapper_success": "Sukcesa envolvado (Wrapping)",
		"wrapper_amount_to_wrap": "Kiom da DUCO vi volas envolvi (Wrap)?",
		"email": "Retadreso",
		"wrapper_error_tronpy": "Eraro kun Tronpy",
		"translation_author_message": "Monujo estas tradukita per:",
		"notification_new_transaction": "Nova transakcio",
		"sessionprofit_unavailable1": "Lanĉi via ministoj",
		"sessionprofit_unavailable2": "unue tiel, ke vi vidas proksimuma profito.",
		"tray_show": "Malkaŝi fenestro",
		"tray_exit": "Fermi aplikaĵo"
	},
	"chinese_simplified":{
		"translation_autor": "suifengtec",
		"welcome_message": "欢迎使用\nDuino-Coin\nTkinter 版钱包",
		"warning": "警告",
		"duino_coin_wallet": "Duino-Coin 钱包",
		"uppercase_duino_coin_wallet": "DUINO-COIN 钱包",
		"loading_database": "正在载入数据库...",
		"please_wait": "请稍候...",
		"please_wait_calculating": "请稍候 - 正在计算...",
		"preparing_wallet_window": "正在准备钱包窗口...",
		"username": "用户名",
		"passwd": "密码",
		"keep_me_logged_in": "保持登录状态",
		"login": "登录",
		"register": "注册",
		"login_error": "登录时出现错误",
		"fill_the_blanks_warning": "首先填写空白",
		"registration_success": "注册成功",
		"registration_success_msg": "新用户已注册成功,现在您可以登录了!",
		"register_on_network": "在网络上注册",
		"register_tos_warning": "使用Duino-Coin，表示您同意遵守服务条款",
		"confirm_passwd": "确认密码",
		"old_passwd": "旧密码",
		"new_passwd": "新密码",
		"confirm_new_passwd": "确认新密码",
		"register_error": "注册用户时出错",
		"error_passwd_dont_match": "密码不匹配",
		"same_passwd_error": "新密码与旧密码相同",
		"loading": "正在加载",
		"wallet": "钱包",
		"recipient": "接受者",
		"amount": "数量",
		"send_funds": "发送 DUCO",
		"send_funds_warning": "您确定要发送吗",
		"send_funds_to": "给",
		"wrap_duco": "给予 DUCO",
		"unwrap_duco": "收取 DUCO",
		"estimated_profit": "估计收益",
		"estimated_profit_miner_warning": "首先启动您的矿工以查看估计的收益。",
		"wallet_transactions": "Duino-Coin 钱包 - 交易",
		"local_transactions": "本地交易",
		"transaction_list": "交易记录",
		"transaction_list_notice": "单击交易以在资源管理器中查看它。",
		"currency_converter": "币种转换",
		"from": "从",
		"to": "到",
		"input_amount": "输入金额",
		"calculate": "计算",
		"calculate_error": "计算错误",
		"wallet_calculator": "Duino-Coin 钱包 - 币种转换",
		"result": "结果",
		"statistics": "统计数据",
		"statistics_title": "Duino-Coin 钱包 - 统计",
		"your miners": "您的矿工",
		"statistics_miner_warning": "未能从您的账户中找到矿工",
		"richlist": "富豪榜",
		"network_info": "网络信息",
		"difficulty": "难度",
		"mined_blocks": "开采的块",
		"network_hashrate": "网络hash率",
		"active_miners": "正在干活的矿工",
		"estimated_price": "预估价格",
		"registered_users": "已注册的用户数",
		"mined_duco": "全部已被玩出的 DUCO",
		"wrapper_title": "Duino 币钱包 - 打包",
		"wrapped_error_tronpy": "Tronpy未安装，请使用`pip install tronpy`安装",
		"wrapper_error": "未配置打包,请在设置中进行配置!",
		"wrapper_error_title": "打包错误",
		"invalid_passphrase": "密码短语无效，为此会话禁用了打包器",
		"wrapper_config_title": "DUCO ",
		"unwrapper_title": "Duino 币钱包 - 解包",
		"unwrap_amount": "解包的数量: ",
		"ask_passphrase": "密码短语（用于访问私钥）:",
		"ask_private_key": "私钥: ",
		"passphrase": "密码短语: ",
		"settings": "设置",
		"uppercase_settings": "设置",
		"settings_title": "Duino 币钱包 - 设置",
		"logout": "退出登录",
		"change_passwd": "更改密码",
		"change_passwd_lowercase": "更改密码",
		"change_passwd_error": "更改密码时出错了",
		"change_passwd_ok": "密码已更改",
		"configure_wrapper": "配置打包器",
		"configure_wrapper_lowercase": "配置打包器",
		"clear_transactions": "清除交易记录",
		"logged_in_as": "已以用户身份登录",
		"wallet_version": "钱包版本",
		"minute": "分钟",
		"hour": "小时",
		"day": "天",
		"config_dev_warning": "未来版本会有更多选项",
		"your_miners": "您的矿工",
		"session": "SESSION",
		"wrapper_success": "打包成功",
		"wrapper_amount_to_wrap": "打包的数量",
		"email": "电邮",
		"wrapper_error_tronpy": "Tronpy 出错",
		"translation_author_message": "钱包交易者:",
		"notification_new_transaction": "新的交易",
		"sessionprofit_unavailable1": "运行您的矿工",
		"sessionprofit_unavailable2": "首先看到估计的利润。",
		"tray_show": "显示窗口",
		"tray_exit": "退出窗口"
	},
	"thai": {
		"translation_author": "naphob",
		"welcome_message": "ยินดีต้อนรับสู่\nDuino-Coin\nวอลเล็ต Tkinter GUI ",
		"warning": "คำเตือน",
		"duino_coin_wallet": "วอลเล็ต Duino-Coin",
		"uppercase_duino_coin_wallet": "วอลเล็ท DUINO-COIN",
		"loading_database": "กำลังโหลดฐานข้อมูล...",
		"please_wait": "กรุณารอ...",
		"please_wait_calculating": "กรุณารอ - กำลังคำนวน...",
		"preparing_wallet_window": "กำลังเตรียมหน้าต่างวอลเล็ต..",
		"username": "ชื่อผู้ใช้",
		"passwd": "รหัสผ่าน",
		"keep_me_logged_in": "จำการเข้าใช้งาน",
		"login": "เข้าระบบ",
		"register": "ลงทะเบียน",
		"login_error": "การเข้าใช้งานผิดพลาด",
		"fill_the_blanks_warning": "ใส่ข้อมูลที่ว่างอยู่ก่อน",
		"registration_success": "การทะเบียนสำเร็จแล้ว",
		"registration_success_msg": "ผู้ใช้ใหม่ได้รับการลงทะเบียนแล้ว คุณสามารถเข้าระบบได้แล้วตอนนี้",
		"register_on_network": "ลงทะเบียนบนเครือข่าย",
		"register_tos_warning": "การใช้งาน Duino-Coin คุณตกลงที่จะทำตามเงื่อนไขการให้บริการ",
		"confirm_passwd": "ยืนยันรหัสผ่าน",
		"old_passwd": "รหัสผ่านเก่า",
		"new_passwd": "รหัสผ่านใหม่",
		"confirm_new_passwd": "ยืนยันรหัสผ่านใหม่",
		"register_error": "การลงทะเบียนผู้ใช้ผิดพลาด",
		"error_passwd_dont_match": "รหัสผ่านไม่ตรงกัน",
		"same_passwd_error": "รหัสผ่านใหม่เหมือนกับรหัสผ่านใหม่",
		"loading": "กำลังโหลด",
		"wallet": "วอลเล็ต",
		"recipient": "ผู้รับ",
		"amount": "จำนวน",
		"send_funds": "ส่ง DUCO",
		"send_funds_warning": "คุณแน่ใจว่าจะส่ง",
		"send_funds_to": "ไปยัง",
		"wrap_duco": "แรป DUCO",
		"unwrap_duco": "อันแรป DUCO",
		"estimated_profit": "คาดการณ์กำไร",
		"estimated_profit_miner_warning": "สั่งให้มายเนอร์ของคุณทำงานครั้งแรกเพื่อดูกำไรโดยประมา",
		"wallet_transactions": "วอลเล็ต Duino-Coin Wallet - ธุรกรรม",
		"local_transactions": "ธุรกรรมเฉพาะที่",
		"transaction_list": "รายการธุรกรรม",
		"transaction_list_notice": "คลิกที่ธุกรรมเพื่อดูในเอ็กปลอเรอร์",
		"currency_converter": "ตัวแปลงค่าเงิน",
		"from": "จาก",
		"to": "ไป",
		"input_amount": "ใส่จำนวน",
		"calculate": "คำนวน",
		"calculate_error": "การคำนวนไม่ถูกต้อง",
		"wallet_calculator": "วอลเล็ต Duino-Coin - ตัวแปลงค่าเงิน",
		"result": "ผลลัพธ์",
		"statistics": "สถิติ",
		"statistics_title": "วอลเล็ต Duino-Coin - สถิติ",
		"your miners": "มายเนอร์ของคุณ",
		"statistics_miner_warning": "ไม่พบมายเนอร์ในบัญชีของคุณ",
		"richlist": "อันดับคนรวย",
		"network_info": "ข้อมูลเครือข่าย",
		"difficulty": "ความยาก",
		"mined_blocks": "บล็อกที่ขุดได้",
		"network_hashrate": "แฮชเรตของเครือข่าย",
		"active_miners": "มายเยอร์ที่ทำงานอยู่",
		"estimated_price": "ประมาณ ราคา",
		"registered_users": "ผู้ใช้งานที่ลงทะเบียน",
		"mined_duco": "DUCO ที่ขุดได้ตลอดมา",
		"wrapper_title": "วอลเล็ต Duino-Coin - แรปเปอร์",
		"wrapped_error_tronpy": "ธรอนไฟไม่ได้ถูกติดตั้ง, กรุณาติดตั้งโดยใช้คำสั่ง `pip install tronpy`",
		"wrapper_error": "แรปเปอร์ไม่ได้ถูกตั้งค่า กรุณาตั้งค่าในหน้าการตั้งค่า!",
		"wrapper_error_title": "การแรปผิดพลาด",
		"invalid_passphrase": "ข้อความรหัสผ่านไม่ถูกต้อง, ปิดแรปเปอร์สำหรับเซสชั่นนี้Invalid passphrase",
		"wrapper_config_title": "ตั้งค่าแรป DUCO",
		"unwrapper_title": "วอลเล็ต Duino-Coin - อันแรปเปอร์ฺ",
		"unwrap_amount": "จำนวนที่อันแรปp: ",
		"ask_passphrase": "ข้อความรหัสผ่าน (สำหรับการเข้าถึงไพรเวทคีย์):",
		"ask_private_key": "ไพรเวทคีย์: ",
		"passphrase": "Passphrase: ",
		"settings": "ตังค่า",
		"uppercase_settings": "การตั้งค่า",
		"settings_title": "วอลเล็ต Duino-Coin - การตั้งค่า",
		"logout": "ออกจากระบบ",
		"change_passwd": "เปลี่ยนรหัสผ่าน",
		"change_passwd_lowercase": "เปลี่ยนรหัสผ่าน",
		"change_passwd_error": "การเปลี่ยนรหัสผ่านผิดพลาด",
		"change_passwd_ok": "รหัสผ่านถูกเปลี่ยนแล้ว",
		"configure_wrapper": "ตั้งค่าแรปเปอร์",
		"configure_wrapper_lowercase": "ตั้งค่าแรปเปอร์",
		"clear_transactions": "ล้างรายการธุรกรรม",
		"logged_in_as": "เข้าระบบด้วยผู้ใช้",
		"wallet_version": "เวอร์ชั่นของวอลเล็ต",
		"minute": "นาที",
		"hour": "ชั่วโมง",
		"day": "วัน",
		"config_dev_warning": "ในอนาคตจะมีตัวเลือกที่เพิ่มขึ้น",
		"your_miners": "มายเนอร์ของคุณ",
		"session": "เซสชั่น",
		"wrapper_success": "การแรปสำเร็จแล้ว",
		"wrapper_amount_to_wrap": "จำนวนที่แรป",
		"email": "อีเมล",
		"wrapper_error_tronpy": "ธรอนไพผิิดพลาด",
		"translation_author_message": "แปลววอลเล็ตโดย:",
		"notification_new_transaction": "รายการธุรกรรมใหม่",
		"sessionprofit_unavailable1": "เริ่มมายเนอร์ของคุณ",
		"sessionprofit_unavailable2": "ครั้งแรกเพื่อดูกำไรโดยประมาณ",
		"tray_show": "แสดงหน้าต่าง",
		"tray_exit": "ออกจากหน้าต่าง"
	}
}
